"","ID","Age","Attrition","BusinessTravel","DailyRate","Department","DistanceFromHome","Education","EducationField","EmployeeCount","EmployeeNumber","EnvironmentSatisfaction","Gender","HourlyRate","JobInvolvement","JobLevel","JobRole","JobSatisfaction","MaritalStatus","MonthlyRate","NumCompaniesWorked","Over18","OverTime","PercentSalaryHike","PerformanceRating","RelationshipSatisfaction","StandardHours","StockOptionLevel","TotalWorkingYears","TrainingTimesLastYear","WorkLifeBalance","YearsAtCompany","YearsInCurrentRole","YearsSinceLastPromotion","YearsWithCurrManager","TravelScore","DistanceScore","OvertimeScore","TotalWLBScore","PayScore","RaiseScore","StockScore","TotalPayScore","TrainingScore","PromotionScore","RoleScore","TotalGrowthScore","MgrScore1","MgrScore2","MgrScore3","MgrScore4","TotalMgrScore","TotalEnvScore","MonthlyIncomeCalculated"
"1",871,43,"No","Travel_Frequently",1422,"Sales",2,4,"Life Sciences",1,1849,1,"Male",92,3,2,"Sales Executive",4,"Married",19246,1,"Y","No",20,4,3,80,1,7,5,3,7,7,7,7,0,2,0,5,9600,2000,1000,12600,20,27,27,74,0,0,3,0,3,11,5640.28564873568
"2",872,33,"No","Travel_Rarely",461,"Research & Development",13,1,"Life Sciences",1,995,2,"Female",53,3,1,"Research Scientist",4,"Single",17241,3,"Y","No",18,3,1,80,0,5,4,3,3,2,0,2,1,1,0,5,17200,1800,0,19000,40,57,58,155,0,0,0,0,0,9,2833.96758719947
"3",873,55,"Yes","Travel_Rarely",267,"Sales",13,4,"Marketing",1,1372,1,"Male",85,4,4,"Sales Executive",3,"Single",9277,6,"Y","Yes",17,3,3,80,0,24,2,2,19,7,3,8,1,1,0,4,2300,1700,0,4000,0,15,14,29,0,0,3,0,3,11,12793.3100993
"4",874,36,"No","Non-Travel",1351,"Research & Development",9,4,"Life Sciences",1,1949,1,"Male",66,4,1,"Laboratory Technician",2,"Married",9238,1,"Y","No",22,4,2,80,0,5,3,3,5,4,0,2,2,2,0,7,9200,2200,0,11400,30,55,56,141,0,1,0,0,1,8,2509.93346766594
"5",875,27,"No","Travel_Rarely",1302,"Research & Development",19,3,"Other",1,1619,4,"Male",67,2,1,"Laboratory Technician",1,"Divorced",16290,1,"Y","No",11,3,1,80,2,7,3,3,7,7,0,7,1,1,0,5,16300,1100,2000,19400,30,53,53,136,-2,0,0,0,-2,5,2483.8394147142
"6",876,39,"Yes","Travel_Rarely",895,"Sales",5,3,"Technical Degree",1,42,4,"Male",56,3,2,"Sales Representative",4,"Married",3335,3,"Y","No",14,3,3,80,1,19,6,4,1,0,0,0,1,2,0,7,1700,1400,1000,4100,30,30,30,90,0,0,1,0,1,12,5209.54993071159
"7",877,33,"No","Non-Travel",750,"Sales",22,2,"Marketing",1,160,3,"Male",95,3,2,"Sales Executive",2,"Married",15480,0,"Y","No",13,3,1,80,1,8,2,4,7,7,0,7,2,0,0,6,7700,1300,1000,10000,10,27,27,64,-2,0,0,0,-2,6,5682.77459869879
"8",878,21,"Yes","Travel_Frequently",251,"Research & Development",10,2,"Life Sciences",1,1279,1,"Female",45,2,1,"Laboratory Technician",3,"Single",25308,1,"Y","No",20,4,3,80,0,2,2,1,2,2,2,2,0,1,0,2,25300,2000,0,27300,20,58,58,136,0,0,1,0,1,7,2427.29663814823
"9",879,30,"No","Travel_Frequently",1312,"Research & Development",23,3,"Life Sciences",1,159,1,"Male",96,1,1,"Research Scientist",3,"Divorced",22310,1,"Y","No",25,4,3,80,3,10,2,2,10,7,0,9,0,0,0,2,22300,2500,3000,27800,20,50,53,123,0,0,4,0,4,9,2850.55675997786
"10",880,51,"No","Travel_Rarely",1405,"Research & Development",11,2,"Technical Degree",1,1367,4,"Female",82,2,4,"Manufacturing Director",2,"Single",24439,3,"Y","No",16,3,2,80,0,29,1,2,5,2,0,3,1,1,0,4,6100,1600,0,7700,0,14,15,29,0,0,0,0,0,8,13146.257026725
"11",881,46,"Yes","Travel_Rarely",377,"Sales",9,3,"Marketing",1,1457,1,"Male",52,3,3,"Sales Executive",4,"Divorced",15986,4,"Y","No",11,3,1,80,1,28,1,4,7,7,4,3,1,2,0,7,5300,1100,1000,7400,0,19,18,37,-1,0,0,0,-1,7,9663.98055719894
"12",882,40,"No","Travel_Rarely",329,"Research & Development",1,4,"Life Sciences",1,1361,2,"Male",88,3,1,"Laboratory Technician",2,"Married",6762,3,"Y","No",22,4,3,80,1,7,3,3,4,2,0,3,1,2,0,6,6800,2200,1000,10000,30,56,58,144,0,0,2,0,2,9,2709.45839884448
"13",883,29,"No","Travel_Rarely",1176,"Sales",3,2,"Medical",1,690,2,"Female",62,3,2,"Sales Executive",3,"Married",3487,1,"Y","No",14,3,1,80,1,6,5,2,6,0,1,2,1,2,0,5,1700,1400,1000,4100,20,30,27,77,0,0,0,0,0,8,5599.58096890064
"14",884,27,"No","Travel_Frequently",829,"Sales",8,1,"Marketing",1,800,3,"Male",84,3,2,"Sales Executive",4,"Married",24008,0,"Y","No",19,3,2,80,1,5,3,3,4,2,1,1,0,2,0,5,12000,1900,1000,14900,10,30,29,69,0,1,0,0,1,11,5611.94073143412
"15",885,29,"No","Travel_Rarely",1210,"Sales",2,3,"Medical",1,366,1,"Male",78,2,2,"Sales Executive",2,"Married",3687,2,"Y","No",19,3,2,80,2,10,2,3,0,0,0,0,1,2,0,6,1800,1900,2000,5700,10,30,30,70,0,1,0,0,1,6,5887.21671022544
"16",886,22,"Yes","Travel_Rarely",617,"Research & Development",3,1,"Life Sciences",1,926,2,"Female",34,3,2,"Manufacturing Director",3,"Married",10022,0,"Y","Yes",19,3,1,80,1,4,3,4,3,2,0,2,1,2,0,7,5000,1900,1000,7900,10,29,29,68,0,0,0,0,0,8,5727.77665266045
"17",887,29,"No","Travel_Rarely",726,"Research & Development",29,1,"Life Sciences",1,1859,4,"Male",93,1,2,"Healthcare Representative",3,"Divorced",21143,8,"Y","No",17,3,4,80,2,11,3,3,7,0,1,6,1,0,0,4,10600,1700,2000,14300,10,30,27,67,0,0,0,4,4,12,5861.87281464768
"18",888,34,"No","Travel_Rarely",167,"Research & Development",8,5,"Life Sciences",1,775,2,"Female",32,3,2,"Manufacturing Director",1,"Divorced",4187,3,"Y","No",14,3,3,80,1,7,3,3,0,0,0,0,1,2,0,6,2100,1400,1000,4500,10,30,30,70,0,0,1,0,1,7,5897.77139838734
"19",889,31,"No","Travel_Rarely",655,"Research & Development",7,4,"Life Sciences",1,76,4,"Male",48,3,2,"Laboratory Technician",4,"Divorced",9528,3,"Y","No",22,4,4,80,1,10,3,2,7,7,1,7,1,2,0,5,4800,2200,1000,8000,10,30,27,67,0,0,0,4,4,15,4616.54098511205
"20",890,35,"No","Travel_Rarely",528,"Human Resources",8,4,"Technical Degree",1,1164,3,"Male",100,3,1,"Human Resources",3,"Single",7108,1,"Y","No",17,3,2,80,0,6,2,1,5,4,1,4,1,2,0,4,7100,1700,0,8800,20,59,56,135,0,0,0,0,0,9,2724.73307653528
"21",891,40,"No","Travel_Rarely",523,"Research & Development",2,3,"Life Sciences",1,1346,3,"Male",98,3,2,"Research Scientist",4,"Single",22455,1,"Y","No",13,3,3,80,0,9,4,3,9,8,8,8,1,2,0,6,11200,1300,0,12500,20,26,26,72,0,0,3,0,3,13,4742.63363293178
"22",892,30,"No","Travel_Rarely",1288,"Sales",29,4,"Technical Degree",1,1568,3,"Male",33,3,3,"Sales Executive",2,"Married",17799,3,"Y","No",12,3,2,80,1,9,3,3,4,2,1,3,1,0,0,4,5900,1200,1000,8100,10,20,20,50,0,0,0,0,0,8,8772.03155953729
"23",893,46,"Yes","Travel_Rarely",669,"Sales",9,2,"Medical",1,118,3,"Male",64,2,3,"Sales Executive",4,"Single",13596,1,"Y","No",16,3,4,80,0,9,3,3,9,8,4,7,1,2,0,6,4500,1600,0,6100,10,19,18,47,0,0,0,4,4,13,8696.92673606188
"24",894,27,"No","Travel_Frequently",1410,"Sales",3,1,"Medical",1,714,4,"Female",71,4,2,"Sales Executive",4,"Divorced",16673,1,"Y","Yes",20,4,2,80,2,6,3,3,6,5,0,4,0,2,0,5,8300,2000,2000,12300,10,27,28,65,0,0,0,0,0,12,5626.04592553437
"25",895,49,"No","Travel_Rarely",1490,"Research & Development",7,4,"Life Sciences",1,1484,3,"Male",35,3,3,"Healthcare Representative",2,"Divorced",20948,3,"Y","No",14,3,2,80,2,29,3,3,8,7,0,7,1,2,0,6,7000,1400,2000,10400,10,18,18,46,0,-1,0,0,-1,7,9752.30890718712
"26",896,46,"No","Travel_Rarely",706,"Research & Development",2,2,"Life Sciences",1,1857,4,"Male",82,3,3,"Manufacturing Director",4,"Divorced",19989,3,"Y","No",14,3,3,80,1,12,4,2,9,8,4,7,1,2,0,5,6700,1400,1000,9100,10,19,18,47,0,0,3,0,3,14,9032.08491272375
"27",897,33,"Yes","Travel_Rarely",211,"Sales",16,3,"Life Sciences",1,1758,1,"Female",74,3,3,"Sales Executive",1,"Single",10092,2,"Y","Yes",20,4,3,80,0,11,2,2,0,0,0,0,1,1,0,4,3400,2000,0,5400,0,20,20,40,0,0,1,0,1,6,8811.64868575518
"28",898,42,"No","Non-Travel",495,"Research & Development",2,1,"Life Sciences",1,1334,3,"Male",37,3,4,"Manager",3,"Married",26582,0,"Y","Yes",13,3,4,80,0,21,3,2,20,8,2,10,2,2,0,6,6600,1300,0,7900,0,15,13,28,0,0,0,4,4,13,15924.4276067542
"29",899,34,"No","Travel_Rarely",507,"Sales",15,2,"Medical",1,1356,3,"Female",66,3,2,"Sales Executive",1,"Single",23553,1,"Y","No",12,3,4,80,0,10,6,4,10,8,9,6,1,1,0,6,11800,1200,0,13000,30,26,26,82,0,0,0,4,4,11,5807.84533855876
"30",900,36,"No","Travel_Rarely",329,"Research & Development",2,3,"Life Sciences",1,501,4,"Female",96,3,1,"Research Scientist",3,"Married",11868,4,"Y","No",13,3,2,80,1,6,3,3,2,2,2,2,1,2,0,6,11900,1300,1000,14200,30,58,58,146,0,1,0,0,1,11,2853.47323014368
"31",901,27,"No","Travel_Rarely",591,"Research & Development",2,1,"Medical",1,7,1,"Male",40,3,1,"Laboratory Technician",2,"Married",16632,9,"Y","No",12,3,4,80,1,6,3,3,2,2,2,2,1,2,0,6,16600,1200,1000,18800,30,58,58,146,0,0,0,3,3,9,2655.11926446893
"32",902,44,"No","Travel_Frequently",383,"Sales",1,5,"Marketing",1,1481,1,"Female",79,3,2,"Sales Executive",3,"Married",9282,7,"Y","No",12,3,3,80,1,11,4,2,1,0,0,0,0,2,0,4,4600,1200,1000,6800,20,30,30,80,0,0,1,0,1,8,5955.5486783169
"33",903,48,"No","Travel_Rarely",492,"Sales",16,4,"Life Sciences",1,1557,3,"Female",96,3,2,"Sales Executive",3,"Divorced",13693,8,"Y","No",14,3,3,80,1,18,2,3,8,7,7,7,1,1,0,5,6800,1400,1000,9200,10,27,27,64,0,0,3,0,3,12,6207.26708813733
"34",904,40,"No","Travel_Rarely",543,"Research & Development",1,4,"Life Sciences",1,2012,1,"Male",83,3,1,"Laboratory Technician",4,"Married",4060,8,"Y","No",19,3,3,80,2,8,3,2,1,0,0,0,1,2,0,5,4100,1900,2000,8000,30,59,59,148,0,0,1,0,1,9,2791.36807238163
"35",905,45,"No","Travel_Rarely",1234,"Sales",11,2,"Life Sciences",1,1045,4,"Female",90,3,4,"Manager",4,"Married",5404,3,"Y","No",13,3,2,80,1,26,4,4,9,3,1,1,1,1,0,6,1400,1300,1000,3700,10,15,15,40,0,1,0,0,1,12,16201.7237758605
"36",906,33,"No","Travel_Frequently",970,"Sales",7,3,"Life Sciences",1,1114,4,"Female",30,3,2,"Sales Executive",2,"Married",13401,0,"Y","No",17,3,3,80,1,4,3,3,3,2,0,2,0,2,0,5,6700,1700,1000,9400,10,29,29,68,0,0,1,0,1,10,5539.42242548961
"37",907,46,"No","Travel_Frequently",638,"Research & Development",1,3,"Medical",1,124,3,"Male",40,2,3,"Healthcare Representative",1,"Married",3142,2,"Y","Yes",13,3,3,80,1,21,5,2,10,9,9,5,0,2,0,4,1000,1300,1000,3300,10,17,17,44,0,0,2,0,2,8,9295.98967399064
"38",908,37,"No","Travel_Rarely",1192,"Research & Development",5,2,"Medical",1,460,4,"Male",61,3,2,"Manufacturing Director",4,"Divorced",23177,7,"Y","No",16,3,3,80,2,8,2,2,6,2,0,4,1,2,0,5,11600,1600,2000,15200,10,27,29,66,0,0,2,0,2,13,5949.52458690065
"39",909,28,"Yes","Travel_Rarely",1434,"Research & Development",5,4,"Technical Degree",1,65,3,"Male",50,3,1,"Laboratory Technician",3,"Single",11179,1,"Y","Yes",13,3,3,80,0,2,3,2,2,2,2,2,1,2,0,5,11200,1300,0,12500,30,58,58,146,0,0,1,0,1,10,2441.39556999519
"40",910,32,"No","Travel_Rarely",827,"Research & Development",1,1,"Life Sciences",1,134,4,"Male",71,3,1,"Research Scientist",1,"Single",15178,1,"Y","No",13,3,4,80,0,1,2,3,1,0,0,0,1,2,0,6,15200,1300,0,16500,20,59,59,138,0,0,0,3,3,11,2615.09546224465
"41",911,43,"No","Travel_Rarely",920,"Research & Development",3,3,"Life Sciences",1,1255,3,"Male",96,1,5,"Research Director",4,"Married",18625,3,"Y","No",14,3,2,80,1,25,2,3,8,7,0,7,1,2,0,6,3700,1400,1000,6100,0,11,11,22,0,-1,0,0,-1,7,19572.1764310351
"42",912,38,"No","Travel_Frequently",1444,"Human Resources",1,4,"Other",1,1972,4,"Male",88,3,1,"Human Resources",2,"Married",5224,0,"Y","Yes",11,3,2,80,1,7,2,3,6,2,1,2,0,2,0,5,5200,1100,1000,7300,20,59,58,137,0,1,0,0,1,10,2890.59455695098
"43",913,40,"No","Travel_Rarely",616,"Research & Development",2,2,"Life Sciences",1,1802,3,"Female",99,3,1,"Laboratory Technician",1,"Married",25605,4,"Y","No",17,3,4,80,1,7,5,2,4,3,0,2,1,2,0,5,25600,1700,1000,28300,50,56,57,163,0,0,0,3,3,10,2700.78378960264
"44",914,34,"No","Travel_Rarely",1354,"Research & Development",5,3,"Medical",1,153,3,"Female",45,2,3,"Manager",1,"Single",5615,2,"Y","No",12,3,4,80,0,14,6,3,11,10,5,8,1,2,0,6,1900,1200,0,3100,20,19,17,56,0,0,0,4,4,10,12284.4554906993
"45",915,41,"No","Travel_Rarely",549,"Research & Development",7,2,"Medical",1,1025,4,"Female",42,3,2,"Manufacturing Director",3,"Single",23371,6,"Y","No",14,3,2,80,0,8,6,3,2,2,2,1,1,2,0,6,11700,1400,0,13100,30,29,29,88,0,1,0,0,1,11,5952.53731484537
"46",916,23,"No","Travel_Rarely",507,"Research & Development",20,1,"Life Sciences",1,1533,1,"Male",97,3,2,"Laboratory Technician",3,"Single",24812,0,"Y","No",14,3,2,80,0,5,2,3,4,3,1,2,1,0,0,4,12400,1400,0,13800,10,30,29,69,0,1,0,0,1,8,4435.0747849752
"47",917,28,"No","Travel_Rarely",1217,"Research & Development",1,3,"Medical",1,1834,3,"Female",67,3,1,"Research Scientist",1,"Married",12719,1,"Y","No",25,4,3,80,1,3,3,3,3,2,1,2,1,2,0,6,12700,2500,1000,16200,30,59,58,147,0,0,1,0,1,8,2715.71179600533
"48",918,26,"No","Travel_Rarely",572,"Sales",10,3,"Medical",1,1836,3,"Male",46,3,2,"Sales Executive",4,"Single",9125,1,"Y","No",13,3,1,80,0,5,4,3,5,3,1,2,1,1,0,5,4600,1300,0,5900,20,30,29,79,0,0,0,0,0,10,5645.49652885774
"49",919,28,"No","Travel_Rarely",1144,"Sales",10,1,"Medical",1,1056,4,"Male",74,3,1,"Sales Representative",2,"Married",23384,1,"Y","No",22,4,2,80,0,1,5,3,1,0,0,0,1,1,0,5,23400,2200,0,25600,50,59,59,168,0,1,0,0,1,10,2459.83901813954
"50",920,59,"No","Travel_Rarely",1324,"Research & Development",3,3,"Medical",1,10,3,"Female",81,4,1,"Laboratory Technician",1,"Married",9964,4,"Y","Yes",20,4,1,80,3,12,3,2,1,0,0,0,1,2,0,5,10000,2000,3000,15000,30,59,59,148,0,0,0,0,0,8,2982.13207091618
"51",921,30,"No","Travel_Rarely",413,"Sales",7,1,"Marketing",1,585,4,"Male",57,3,1,"Sales Representative",2,"Single",18398,0,"Y","No",14,3,1,80,0,4,3,3,3,2,1,2,1,2,0,6,18400,1400,0,19800,30,59,58,147,0,0,0,0,0,9,2540.30689426061
"52",922,35,"No","Travel_Rarely",1229,"Research & Development",8,1,"Life Sciences",1,63,4,"Male",36,4,1,"Laboratory Technician",4,"Married",4892,1,"Y","No",19,3,4,80,0,1,2,3,1,0,0,1,1,2,0,6,4900,1900,0,6800,20,59,59,138,0,0,0,3,3,15,2402.96567900638
"53",923,36,"Yes","Travel_Rarely",660,"Research & Development",15,3,"Other",1,1052,1,"Male",81,3,2,"Laboratory Technician",3,"Divorced",7858,7,"Y","No",14,3,2,80,1,9,3,2,1,0,0,0,1,1,0,4,3900,1400,1000,6300,10,30,30,70,0,1,0,0,1,8,4654.85199078175
"54",924,42,"No","Non-Travel",179,"Human Resources",2,5,"Medical",1,1231,4,"Male",79,4,2,"Human Resources",1,"Married",12858,7,"Y","No",16,3,1,80,1,10,3,4,4,3,0,3,2,2,0,8,6400,1600,1000,9000,10,28,29,67,-1,0,0,0,-1,8,4848.34433775239
"55",925,54,"No","Travel_Rarely",584,"Research & Development",22,5,"Medical",1,1665,2,"Female",91,3,4,"Manager",3,"Married",18685,3,"Y","No",25,4,3,80,1,36,6,3,10,8,4,7,1,0,0,4,4700,2500,1000,8200,10,14,13,37,0,0,3,0,3,11,16625.0021713519
"56",926,40,"No","Travel_Rarely",1171,"Research & Development",10,4,"Life Sciences",1,483,4,"Female",46,4,1,"Laboratory Technician",3,"Married",22495,3,"Y","Yes",13,3,3,80,1,10,3,3,7,7,1,7,1,1,0,5,22500,1300,1000,24800,30,59,53,142,0,0,3,0,3,14,2641.62828986672
"57",927,32,"No","Travel_Rarely",604,"Sales",8,3,"Medical",1,1304,3,"Male",56,4,2,"Sales Executive",4,"Married",11693,1,"Y","No",15,3,3,80,2,10,4,4,10,7,0,8,1,2,0,7,5800,1500,2000,9300,20,25,27,72,0,0,3,0,3,14,5838.73726027763
"58",928,38,"No","Travel_Rarely",201,"Research & Development",10,3,"Medical",1,2015,2,"Female",99,1,3,"Research Director",3,"Married",3376,3,"Y","No",12,3,1,80,1,20,3,3,18,16,1,11,1,1,0,5,1100,1200,1000,3300,10,20,15,45,-3,0,0,0,-3,3,12769.5753204519
"59",929,22,"No","Non-Travel",1123,"Research & Development",16,2,"Medical",1,22,4,"Male",96,4,1,"Laboratory Technician",4,"Divorced",7324,1,"Y","Yes",13,3,2,80,2,1,2,2,1,0,0,0,2,1,0,5,7300,1300,2000,10600,20,59,59,138,0,1,0,0,1,13,2417.88948136686
"60",930,32,"No","Travel_Frequently",1005,"Research & Development",2,2,"Life Sciences",1,8,4,"Male",79,3,1,"Laboratory Technician",4,"Single",11864,0,"Y","No",13,3,3,80,0,8,2,2,7,7,3,6,0,2,0,4,11900,1300,0,13200,20,57,53,130,0,0,3,0,3,14,2517.96252289319
"61",931,34,"No","Non-Travel",1375,"Sales",10,3,"Life Sciences",1,1774,4,"Male",87,3,2,"Sales Executive",3,"Divorced",12313,1,"Y","Yes",14,3,3,80,1,15,3,3,15,14,0,7,2,1,0,6,6200,1400,1000,8600,10,23,23,56,0,0,3,0,3,13,5915.18703290099
"62",932,32,"No","Travel_Rarely",1018,"Research & Development",3,2,"Life Sciences",1,727,3,"Female",39,3,3,"Research Director",4,"Single",19373,3,"Y","No",15,3,4,80,0,10,6,3,7,7,7,7,1,2,0,6,6500,1500,0,8000,20,18,18,56,0,0,0,4,4,14,12308.561736451
"63",933,41,"No","Travel_Rarely",645,"Sales",1,3,"Marketing",1,534,2,"Male",49,4,3,"Sales Executive",1,"Married",19566,1,"Y","No",16,3,3,80,1,10,2,3,10,7,0,7,1,2,0,6,6500,1600,1000,9100,0,17,18,35,0,0,3,0,3,10,8739.52178415605
"64",934,58,"Yes","Travel_Frequently",781,"Research & Development",2,1,"Life Sciences",1,918,4,"Male",57,2,1,"Laboratory Technician",4,"Divorced",13384,9,"Y","Yes",14,3,4,80,1,3,3,2,1,0,0,0,0,2,0,4,13400,1400,1000,15800,30,59,59,148,0,0,0,3,3,13,2504.98470894038
"65",935,20,"Yes","Travel_Rarely",129,"Research & Development",4,3,"Technical Degree",1,960,1,"Male",84,3,1,"Laboratory Technician",1,"Single",13008,1,"Y","No",19,3,2,80,0,1,2,3,1,0,0,0,1,2,0,6,13000,1900,0,14900,20,59,59,138,0,1,0,0,1,6,2420.18545096078
"66",936,24,"Yes","Travel_Frequently",381,"Research & Development",9,3,"Medical",1,1494,2,"Male",89,3,1,"Laboratory Technician",1,"Single",16998,2,"Y","Yes",11,3,3,80,0,4,2,2,0,0,0,0,0,2,0,4,17000,1100,0,18100,20,60,60,140,0,0,1,0,1,7,2619.91004946531
"67",937,46,"No","Travel_Rarely",644,"Research & Development",1,4,"Medical",1,288,4,"Male",97,3,3,"Healthcare Representative",1,"Divorced",12368,7,"Y","No",16,3,3,80,1,17,3,3,4,2,0,3,1,2,0,6,4100,1600,1000,6700,10,19,20,49,0,0,2,0,2,10,9185.03578647269
"68",938,51,"Yes","Travel_Frequently",1150,"Research & Development",8,4,"Life Sciences",1,179,1,"Male",53,1,3,"Manufacturing Director",4,"Single",25150,2,"Y","No",15,3,4,80,0,18,2,3,4,2,0,3,0,2,0,5,8400,1500,0,9900,0,19,20,39,0,0,0,4,4,10,9377.59731200993
"69",939,39,"No","Travel_Rarely",116,"Research & Development",24,1,"Life Sciences",1,2014,1,"Male",52,3,2,"Research Scientist",4,"Single",5340,7,"Y","No",13,3,1,80,0,18,2,3,7,7,1,7,1,0,0,4,2700,1300,0,4000,10,30,27,67,-2,0,0,0,-2,6,5241.19435493732
"70",940,28,"No","Travel_Rarely",1172,"Sales",3,3,"Medical",1,1875,2,"Female",78,3,1,"Sales Representative",2,"Married",3692,1,"Y","No",19,3,4,80,1,1,3,3,1,0,0,0,1,2,0,6,3700,1900,1000,6600,30,59,59,148,0,0,0,3,3,10,2415.56936728818
"71",941,40,"Yes","Travel_Rarely",676,"Research & Development",9,4,"Life Sciences",1,1534,4,"Male",86,3,1,"Laboratory Technician",1,"Single",21831,3,"Y","No",14,3,2,80,0,15,3,1,5,4,1,0,1,2,0,4,21800,1400,0,23200,30,59,56,145,0,1,0,0,1,9,3045.63473284033
"72",942,39,"No","Travel_Rarely",1462,"Sales",6,3,"Medical",1,1588,4,"Male",38,4,3,"Sales Executive",3,"Married",4658,2,"Y","No",11,3,1,80,1,11,3,3,7,6,7,6,1,2,0,6,1600,1100,1000,3700,10,18,18,46,-2,0,0,0,-2,9,8788.49102753446
"73",943,59,"No","Travel_Rarely",1435,"Sales",25,3,"Life Sciences",1,81,1,"Female",99,3,3,"Sales Executive",1,"Single",2354,7,"Y","No",11,3,4,80,0,28,3,2,21,16,7,9,1,0,0,3,800,1100,0,1900,10,18,15,43,0,0,0,4,4,9,9653.96713825575
"74",944,27,"No","Travel_Rarely",1055,"Research & Development",2,4,"Life Sciences",1,1027,1,"Female",47,3,2,"Manufacturing Director",4,"Married",4658,0,"Y","No",18,3,2,80,1,4,2,3,3,2,2,2,1,2,0,6,2300,1800,1000,5100,10,29,29,68,0,1,0,0,1,9,5722.03672867565
"75",945,18,"No","Travel_Rarely",812,"Sales",10,3,"Medical",1,411,4,"Female",69,2,1,"Sales Representative",3,"Single",9724,1,"Y","No",12,3,1,80,0,0,2,3,0,0,0,0,1,1,0,5,9700,1200,0,10900,20,60,60,140,0,0,0,0,0,9,2396.65521784769
"76",946,29,"No","Travel_Frequently",995,"Research & Development",2,1,"Life Sciences",1,1590,1,"Male",87,3,2,"Healthcare Representative",4,"Divorced",24483,1,"Y","No",19,3,4,80,1,6,0,4,6,4,1,3,0,2,0,6,12200,1900,1000,15100,0,30,28,58,0,0,0,4,4,12,5616.68962501824
"77",947,21,"Yes","Travel_Rarely",337,"Sales",7,1,"Marketing",1,1780,2,"Male",31,3,1,"Sales Representative",2,"Single",4567,1,"Y","No",13,3,2,80,0,1,3,3,1,0,1,0,1,2,0,6,4600,1300,0,5900,30,59,59,148,0,1,0,0,1,8,2423.6052608669
"78",948,26,"No","Travel_Rarely",1349,"Research & Development",23,3,"Life Sciences",1,560,1,"Female",90,3,1,"Research Scientist",4,"Divorced",3032,1,"Y","No",22,4,2,80,2,3,3,1,3,2,0,2,1,0,0,2,3000,2200,2000,7200,30,57,58,145,0,1,0,0,1,9,2713.58080051411
"79",949,26,"Yes","Travel_Frequently",426,"Human Resources",17,4,"Life Sciences",1,608,2,"Female",58,3,1,"Human Resources",3,"Divorced",22808,0,"Y","Yes",11,3,2,80,1,8,2,2,7,7,1,0,0,1,0,3,22800,1100,1000,24900,20,59,53,132,0,1,0,0,1,9,2703.06598866867
"80",950,47,"Yes","Travel_Frequently",719,"Sales",27,2,"Life Sciences",1,785,2,"Female",77,4,2,"Sales Executive",3,"Single",10339,4,"Y","Yes",12,3,4,80,0,8,2,3,5,4,1,3,0,0,0,3,5200,1200,0,6400,10,30,28,68,0,0,0,4,4,13,5705.74154486029
"81",951,42,"No","Non-Travel",355,"Research & Development",10,4,"Technical Degree",1,1854,3,"Male",38,3,1,"Research Scientist",3,"Married",6161,3,"Y","No",22,4,2,80,2,10,1,2,6,3,3,3,2,1,0,5,6200,2200,2000,10400,10,57,57,124,0,0,0,0,0,9,3000.82558635551
"82",952,40,"No","Travel_Rarely",300,"Sales",26,3,"Marketing",1,1066,3,"Male",74,3,2,"Sales Executive",1,"Married",22217,1,"Y","No",14,3,2,80,1,8,3,2,7,7,7,5,1,0,0,3,11100,1400,1000,13500,10,27,27,64,0,0,0,0,0,7,5674.73870512007
"83",953,37,"No","Travel_Rarely",124,"Research & Development",3,3,"Other",1,1062,4,"Female",35,3,2,"Healthcare Representative",2,"Single",13848,3,"Y","No",15,3,1,80,0,8,3,2,4,3,0,1,1,2,0,5,6900,1500,0,8400,10,28,29,67,0,0,0,0,0,9,5763.89974751273
"84",954,27,"No","Travel_Frequently",1297,"Research & Development",5,2,"Life Sciences",1,1850,4,"Female",53,3,1,"Laboratory Technician",4,"Single",19826,0,"Y","Yes",14,3,3,80,0,6,3,2,5,4,0,2,0,2,0,4,19800,1400,0,21200,30,55,56,141,0,0,1,0,1,12,2573.40925825778
"85",955,39,"No","Non-Travel",439,"Research & Development",9,3,"Life Sciences",1,1132,3,"Male",70,3,2,"Laboratory Technician",2,"Single",8770,9,"Y","No",15,3,3,80,0,9,2,2,5,4,0,3,2,2,0,6,4400,1500,0,5900,10,28,28,66,0,0,2,0,2,10,4582.18449992327
"86",956,45,"No","Travel_Rarely",176,"Human Resources",4,3,"Life Sciences",1,1744,3,"Female",56,1,3,"Human Resources",3,"Married",6595,4,"Y","No",21,4,3,80,2,9,2,4,5,0,0,3,1,2,0,7,2200,2100,2000,6300,0,19,19,38,0,0,2,0,2,9,7680.12291298426
"87",957,56,"No","Travel_Rarely",1400,"Research & Development",7,3,"Life Sciences",1,112,4,"Male",49,1,3,"Manufacturing Director",4,"Single",21698,4,"Y","No",11,3,1,80,0,37,3,2,6,4,0,2,1,2,0,5,7200,1100,0,8300,10,18,19,47,0,0,0,0,0,9,10369.1150661817
"88",958,32,"No","Non-Travel",1109,"Research & Development",29,4,"Medical",1,1046,4,"Female",69,3,1,"Laboratory Technician",3,"Single",11135,9,"Y","No",12,3,2,80,0,10,2,3,8,7,7,7,2,0,0,5,11100,1200,0,12300,20,53,53,126,0,-1,0,0,-1,9,2625.66943476229
"89",959,41,"No","Travel_Rarely",1206,"Sales",23,2,"Life Sciences",1,1678,4,"Male",80,3,3,"Sales Executive",3,"Single",11591,3,"Y","Yes",16,3,4,80,0,21,2,3,2,0,0,2,1,0,0,4,3900,1600,0,5500,0,20,20,40,0,0,0,3,3,13,9354.45005597343
"90",960,58,"Yes","Travel_Rarely",286,"Research & Development",2,4,"Life Sciences",1,825,4,"Male",31,3,5,"Research Director",2,"Single",25761,7,"Y","Yes",12,3,4,80,0,40,2,3,31,15,13,8,1,2,0,6,5200,1200,0,6400,0,10,9,19,0,0,0,4,4,13,20480.2922732623
"91",961,29,"No","Travel_Rarely",665,"Research & Development",15,3,"Life Sciences",1,346,3,"Male",60,3,1,"Research Scientist",4,"Single",22673,1,"Y","No",19,3,1,80,0,6,1,3,6,5,1,5,1,1,0,5,22700,1900,0,24600,10,59,55,124,-1,0,0,0,-1,9,2701.71212393794
"92",962,40,"No","Travel_Rarely",1300,"Research & Development",24,2,"Technical Degree",1,335,1,"Male",62,3,2,"Research Scientist",4,"Divorced",24447,1,"Y","No",17,3,1,80,2,9,3,3,9,8,4,7,1,0,0,4,12200,1700,2000,15900,10,28,26,64,-2,0,0,0,-2,6,4724.92577259124
"93",963,38,"No","Travel_Frequently",471,"Research & Development",12,3,"Life Sciences",1,837,1,"Male",45,2,2,"Healthcare Representative",1,"Divorced",4284,2,"Y","No",15,3,3,80,1,13,3,2,4,3,1,2,0,1,0,3,2100,1500,1000,4600,10,30,29,69,0,0,1,0,1,5,6032.89836489688
"94",964,39,"No","Travel_Rarely",141,"Human Resources",3,3,"Human Resources",1,760,3,"Female",44,4,2,"Human Resources",2,"Married",18767,9,"Y","No",15,3,3,80,1,12,3,1,8,3,3,6,1,2,0,4,9400,1500,1000,11900,10,29,29,68,0,0,3,0,3,12,5001.38157832817
"95",965,25,"No","Travel_Rarely",1280,"Research & Development",7,1,"Medical",1,143,4,"Male",64,2,1,"Research Scientist",4,"Married",26897,1,"Y","No",11,3,3,80,2,2,2,3,2,2,2,1,1,2,0,6,26900,1100,2000,30000,20,58,58,136,0,0,1,0,1,11,2631.39052780778
"96",966,50,"No","Travel_Rarely",989,"Research & Development",7,2,"Medical",1,80,2,"Female",43,2,5,"Research Director",3,"Divorced",16701,5,"Y","Yes",12,3,4,80,1,29,2,2,27,3,13,8,1,2,0,5,3300,1200,1000,5500,0,10,12,22,0,0,0,4,4,11,20022.6337815025
"97",967,29,"No","Travel_Rarely",468,"Research & Development",28,4,"Medical",1,2054,4,"Female",73,2,1,"Research Scientist",1,"Single",8489,1,"Y","No",14,3,2,80,0,5,3,1,5,4,0,4,1,0,0,2,8500,1400,0,9900,30,55,56,141,0,0,0,0,0,7,2726.65519009205
"98",968,36,"No","Travel_Rarely",164,"Sales",2,2,"Medical",1,513,2,"Male",61,2,3,"Sales Executive",3,"Married",3809,1,"Y","No",13,3,2,80,2,10,2,3,10,9,9,0,1,2,0,6,1300,1300,2000,4600,0,17,17,34,0,1,0,0,1,8,8692.31744804764
"99",969,50,"No","Travel_Frequently",1421,"Research & Development",2,3,"Medical",1,1215,4,"Female",30,3,4,"Manager",1,"Married",9490,2,"Y","No",22,4,3,80,1,32,3,3,2,2,2,2,0,2,0,5,2400,2200,1000,5600,0,15,15,30,0,0,1,0,1,9,16420.8016805583
"100",970,26,"Yes","Travel_Rarely",1449,"Research & Development",16,4,"Medical",1,394,1,"Male",45,3,1,"Laboratory Technician",2,"Divorced",14180,2,"Y","Yes",13,3,4,80,1,5,2,3,3,2,0,2,1,1,0,5,14200,1300,1000,16500,20,57,58,135,0,0,0,3,3,9,2589.04800107943
"101",971,27,"No","Travel_Rarely",954,"Sales",9,3,"Marketing",1,1965,4,"Male",44,3,2,"Sales Executive",4,"Single",5099,1,"Y","No",14,3,1,80,0,7,5,3,7,7,0,7,1,2,0,6,2500,1400,0,3900,20,27,27,74,-2,0,0,0,-2,9,5658.65340548703
"102",972,31,"No","Travel_Rarely",616,"Research & Development",12,3,"Medical",1,961,4,"Female",41,3,2,"Healthcare Representative",4,"Married",17369,0,"Y","Yes",11,3,3,80,2,10,2,1,9,7,8,5,1,1,0,3,8700,1100,2000,11800,10,26,27,63,0,0,2,0,2,13,5818.12496186626
"103",973,28,"No","Travel_Frequently",791,"Research & Development",1,4,"Medical",1,1286,4,"Male",44,3,1,"Laboratory Technician",3,"Single",6842,0,"Y","Yes",11,3,3,80,0,5,2,2,4,2,0,2,0,2,0,4,6800,1100,0,7900,20,56,58,134,0,0,1,0,1,11,2594.81153614393
"104",974,20,"No","Travel_Rarely",959,"Research & Development",1,3,"Life Sciences",1,657,4,"Female",83,2,1,"Research Scientist",2,"Single",11757,1,"Y","No",13,3,4,80,0,1,0,4,1,0,0,0,1,2,0,7,11800,1300,0,13100,0,59,59,118,0,0,0,3,3,11,2584.60162895681
"105",975,24,"No","Travel_Rarely",1206,"Research & Development",17,1,"Medical",1,1009,4,"Female",41,2,2,"Manufacturing Director",3,"Divorced",24117,1,"Y","No",15,3,2,80,2,5,6,3,4,2,3,2,1,1,0,5,12100,1500,2000,15600,30,29,29,88,0,1,0,0,1,10,5833.16724853807
"106",976,29,"Yes","Travel_Rarely",896,"Research & Development",18,1,"Medical",1,315,3,"Male",86,2,1,"Research Scientist",4,"Single",14961,1,"Y","Yes",13,3,3,80,0,4,3,2,4,3,0,1,1,1,0,4,15000,1300,0,16300,30,56,57,143,0,0,1,0,1,10,2718.39601810764
"107",977,48,"No","Travel_Rarely",277,"Research & Development",6,3,"Life Sciences",1,1022,1,"Male",97,2,2,"Healthcare Representative",3,"Single",13119,2,"Y","No",13,3,4,80,0,19,0,3,2,2,2,2,1,2,0,6,6600,1300,0,7900,0,29,29,58,0,0,0,3,3,9,6295.38779907224
"108",978,39,"Yes","Travel_Rarely",360,"Research & Development",23,3,"Medical",1,1310,3,"Male",93,3,1,"Research Scientist",1,"Single",22154,0,"Y","No",13,3,1,80,0,6,2,3,5,2,0,3,1,0,0,4,22200,1300,0,23500,20,55,58,133,-1,0,0,0,-1,6,2852.07296430237
"109",979,35,"No","Travel_Rarely",607,"Research & Development",9,3,"Life Sciences",1,880,4,"Female",66,2,3,"Manufacturing Director",3,"Married",23457,1,"Y","Yes",20,4,2,80,1,17,2,3,17,14,5,15,1,2,0,6,7800,2000,1000,10800,0,19,16,35,0,-3,0,0,-3,6,9264.59293458208
"110",980,49,"No","Travel_Rarely",1098,"Research & Development",4,2,"Medical",1,1256,1,"Male",85,2,5,"Manager",3,"Married",12124,2,"Y","No",13,3,3,80,1,23,2,4,1,0,0,0,1,2,0,7,2400,1300,1000,4700,0,12,12,24,0,0,1,0,1,7,19217.500342556
"111",981,35,"No","Travel_Rarely",1402,"Sales",28,4,"Life Sciences",1,1554,2,"Female",98,2,1,"Sales Representative",3,"Married",26204,0,"Y","No",23,4,1,80,2,6,5,3,5,3,4,2,1,0,0,4,26200,2300,2000,30500,50,56,57,163,0,0,0,0,0,7,2646.08574264663
"112",982,46,"No","Travel_Rarely",1125,"Sales",10,3,"Marketing",1,580,3,"Female",94,2,3,"Sales Executive",4,"Married",11563,2,"Y","Yes",19,3,3,80,1,15,3,3,3,2,1,2,1,1,0,5,3900,1900,1000,6800,10,20,20,50,0,0,1,0,1,10,9062.25438010012
"113",983,52,"No","Travel_Rarely",1323,"Research & Development",2,3,"Life Sciences",1,316,3,"Female",89,2,1,"Laboratory Technician",4,"Single",3300,7,"Y","No",15,3,2,80,0,6,3,2,2,2,2,2,1,2,0,5,3300,1500,0,4800,30,58,58,146,0,1,0,0,1,10,2626.41964454494
"114",984,26,"No","Travel_Rarely",1167,"Sales",5,3,"Other",1,2060,4,"Female",30,2,1,"Sales Representative",3,"Single",21378,0,"Y","No",18,3,4,80,0,5,2,3,4,2,0,0,1,2,0,6,21400,1800,0,23200,20,56,58,134,0,0,0,3,3,12,2579.54047501525
"115",985,36,"No","Travel_Rarely",1120,"Sales",11,4,"Marketing",1,2045,2,"Female",100,2,2,"Sales Executive",4,"Married",14369,4,"Y","No",13,3,1,80,1,8,2,2,6,3,0,0,1,1,0,4,7200,1300,1000,9500,10,27,29,66,0,0,0,0,0,8,5774.94617729333
"116",986,32,"Yes","Travel_Frequently",238,"Research & Development",5,2,"Life Sciences",1,1939,1,"Female",47,4,1,"Research Scientist",3,"Single",15318,3,"Y","Yes",14,3,1,80,0,8,2,3,4,1,0,3,0,2,0,5,15300,1400,0,16700,20,56,59,135,-1,0,0,0,-1,7,3011.28146815427
"117",987,22,"Yes","Travel_Frequently",1256,"Research & Development",3,4,"Life Sciences",1,1203,3,"Male",48,2,1,"Research Scientist",4,"Married",4223,0,"Y","Yes",11,3,2,80,1,1,5,3,0,0,0,0,0,2,0,5,4200,1100,1000,6300,50,60,60,170,0,1,0,0,1,10,2737.86454192608
"118",988,32,"No","Travel_Rarely",601,"Sales",7,5,"Marketing",1,1446,4,"Male",97,3,2,"Sales Executive",4,"Married",23343,4,"Y","No",12,3,3,80,1,7,3,2,4,3,0,3,1,2,0,5,11700,1200,1000,13900,10,28,29,67,0,0,2,0,2,13,5708.06169720257
"119",989,39,"No","Travel_Frequently",945,"Research & Development",22,3,"Medical",1,1043,4,"Female",82,3,3,"Manufacturing Director",1,"Single",5083,1,"Y","Yes",13,3,3,80,0,21,2,3,21,6,2,8,0,0,0,3,1700,1300,0,3000,0,20,18,38,0,0,3,0,3,11,9621.77065660393
"120",990,31,"No","Travel_Rarely",408,"Research & Development",9,4,"Life Sciences",1,493,3,"Male",42,2,1,"Research Scientist",2,"Single",7551,0,"Y","Yes",16,3,4,80,0,3,5,3,2,2,2,2,1,2,0,6,7600,1600,0,9200,50,58,58,166,0,0,0,3,3,10,2744.05102272226
"121",991,39,"No","Travel_Rarely",1383,"Human Resources",2,3,"Life Sciences",1,909,4,"Female",42,2,2,"Human Resources",4,"Married",7790,8,"Y","No",11,3,3,80,2,13,2,3,5,4,0,4,1,2,0,6,3900,1100,2000,7000,10,28,28,66,0,0,2,0,2,12,4968.54880150864
"122",992,24,"No","Travel_Rarely",581,"Research & Development",9,3,"Medical",1,1707,3,"Male",62,4,1,"Research Scientist",3,"Married",17616,1,"Y","No",16,3,4,80,1,5,1,3,5,3,0,4,1,2,0,6,17600,1600,1000,20200,10,55,57,122,0,0,0,4,4,14,2741.06972331869
"123",993,30,"No","Travel_Rarely",1240,"Human Resources",9,3,"Human Resources",1,184,3,"Male",48,3,2,"Human Resources",4,"Married",13982,0,"Y","Yes",19,3,4,80,0,12,2,1,11,9,4,7,1,2,0,4,7000,1900,0,8900,10,28,26,64,0,0,0,4,4,14,4881.48614028158
"124",994,40,"No","Travel_Frequently",1184,"Sales",2,4,"Medical",1,1212,2,"Male",62,3,2,"Sales Executive",2,"Married",25440,5,"Y","No",12,3,4,80,3,5,2,3,0,0,0,0,0,2,0,5,12700,1200,3000,16900,10,30,30,70,0,0,0,3,3,10,5608.8692403629
"125",995,38,"No","Non-Travel",152,"Sales",10,3,"Technical Degree",1,983,3,"Female",85,3,2,"Sales Executive",4,"Single",19899,1,"Y","Yes",13,3,2,80,0,6,1,3,5,3,1,3,2,1,0,6,9900,1300,0,11200,0,30,29,59,0,0,0,0,0,10,5640.59498786206
"126",996,34,"No","Travel_Rarely",665,"Research & Development",6,4,"Other",1,138,1,"Female",41,3,2,"Research Scientist",3,"Single",12482,1,"Y","No",14,3,3,80,0,16,3,3,16,13,2,10,1,2,0,6,6200,1400,0,7600,10,29,24,63,0,0,4,0,4,11,5072.05704607042
"127",997,38,"No","Travel_Frequently",1391,"Research & Development",10,1,"Medical",1,1006,3,"Male",66,3,1,"Research Scientist",3,"Married",12127,0,"Y","No",17,3,2,80,1,3,0,2,2,1,0,2,0,1,0,3,12100,1700,1000,14800,0,58,59,117,0,1,0,0,1,10,2678.28526210834
"128",998,54,"No","Travel_Rarely",971,"Research & Development",1,3,"Medical",1,1422,4,"Female",54,3,4,"Research Director",4,"Single",5652,6,"Y","No",19,3,4,80,0,29,3,2,20,7,12,7,1,2,0,5,1400,1900,0,3300,0,12,14,26,0,0,0,4,4,15,16606.8541780976
"129",999,35,"No","Travel_Rarely",882,"Sales",3,4,"Life Sciences",1,984,4,"Male",92,3,3,"Sales Executive",4,"Divorced",6812,6,"Y","No",13,3,2,80,1,12,2,3,10,9,0,8,1,2,0,6,2300,1300,1000,4600,0,17,17,34,0,-1,0,0,-1,10,8799.75328768299
"130",1000,32,"Yes","Travel_Rarely",374,"Research & Development",25,4,"Life Sciences",1,911,1,"Male",87,3,1,"Laboratory Technician",4,"Single",18016,1,"Y","Yes",24,4,3,80,0,1,2,1,1,0,0,1,1,0,0,2,18000,2400,0,20400,20,59,59,138,0,0,1,0,1,9,2406.40963339726
"131",1001,46,"No","Travel_Rarely",945,"Human Resources",5,2,"Medical",1,103,2,"Male",80,3,2,"Human Resources",2,"Divorced",10425,8,"Y","Yes",22,4,4,80,1,16,2,3,4,2,0,2,1,2,0,6,5200,2200,1000,8400,10,28,29,67,0,0,0,3,3,10,5162.61596307972
"132",1002,47,"No","Travel_Frequently",1309,"Sales",4,1,"Medical",1,467,2,"Male",99,3,2,"Sales Representative",3,"Single",25751,3,"Y","No",19,3,1,80,0,5,3,3,0,0,0,0,0,2,0,5,12900,1900,0,14800,10,30,30,70,0,0,0,0,0,8,4401.80843041483
"133",1003,32,"No","Travel_Rarely",977,"Research & Development",2,3,"Medical",1,1671,4,"Male",45,3,2,"Research Scientist",2,"Divorced",25518,0,"Y","No",13,3,3,80,2,10,4,2,9,5,1,6,1,2,0,5,12800,1300,2000,16100,20,30,28,78,0,0,3,0,3,12,4919.70388908333
"134",1004,47,"No","Travel_Rarely",983,"Research & Development",2,2,"Medical",1,574,1,"Female",65,3,2,"Manufacturing Director",4,"Divorced",7389,5,"Y","No",13,3,3,80,3,20,2,3,5,0,0,4,1,2,0,6,3700,1300,3000,8000,10,28,28,66,0,0,2,0,2,10,6514.76810320978
"135",1005,48,"No","Travel_Rarely",1108,"Research & Development",15,4,"Other",1,1576,3,"Female",65,3,1,"Research Scientist",1,"Married",16530,8,"Y","No",12,3,4,80,1,10,3,2,8,2,7,6,1,1,0,4,16500,1200,1000,18700,30,53,58,141,0,0,0,4,4,11,3102.84363275001
"136",1006,34,"No","Travel_Rarely",735,"Sales",3,1,"Medical",1,1915,4,"Female",75,2,2,"Sales Executive",4,"Married",16495,3,"Y","Yes",12,3,3,80,0,9,3,2,4,2,0,1,1,2,0,5,8200,1200,0,9400,10,28,29,67,0,0,1,0,1,11,5812.05358244704
"137",1007,20,"No","Travel_Rarely",1141,"Sales",2,3,"Medical",1,1657,3,"Female",31,3,1,"Sales Representative",3,"Single",13251,1,"Y","No",19,3,1,80,0,2,3,3,2,2,2,2,1,2,0,6,13300,1900,0,15200,30,58,58,146,0,0,0,0,0,9,2433.01241764827
"138",1008,38,"No","Travel_Rarely",688,"Research & Development",23,4,"Life Sciences",1,393,4,"Male",82,3,2,"Healthcare Representative",4,"Divorced",18899,9,"Y","No",14,3,2,80,1,10,2,3,2,2,1,2,1,0,0,4,9400,1400,1000,11800,10,30,29,69,0,1,0,0,1,12,5852.92060823733
"139",1009,53,"No","Travel_Rarely",1223,"Research & Development",7,2,"Medical",1,1201,4,"Female",50,3,5,"Manager",3,"Divorced",18640,3,"Y","No",18,3,2,80,1,26,6,3,7,7,4,7,1,2,0,6,3700,1800,1000,6500,10,12,11,33,0,-1,0,0,-1,9,19403.1686741641
"140",1010,53,"No","Travel_Rarely",1436,"Sales",6,2,"Marketing",1,205,2,"Male",34,3,2,"Sales Representative",3,"Married",16047,2,"Y","Yes",20,4,4,80,1,13,3,1,7,7,4,5,1,2,0,4,8000,2000,1000,11000,10,28,27,65,0,0,0,4,4,12,4728.72310602878
"141",1011,37,"Yes","Travel_Frequently",504,"Research & Development",10,3,"Medical",1,342,1,"Male",61,3,3,"Manufacturing Director",3,"Divorced",22573,6,"Y","No",11,3,2,80,2,17,5,3,1,0,0,0,0,1,0,4,7500,1100,2000,10600,10,20,20,50,0,1,0,0,1,8,9334.05451811346
"142",1012,34,"No","Travel_Rarely",1031,"Research & Development",6,4,"Life Sciences",1,151,3,"Female",45,2,2,"Research Scientist",2,"Divorced",15000,6,"Y","No",15,3,3,80,1,12,3,3,1,0,0,0,1,2,0,6,7500,1500,1000,10000,10,30,30,70,0,0,1,0,1,8,5025.26557148065
"143",1013,32,"No","Travel_Rarely",588,"Sales",8,2,"Technical Degree",1,436,3,"Female",65,2,2,"Sales Executive",2,"Married",24624,1,"Y","Yes",11,3,4,80,0,13,2,3,13,12,11,9,1,2,0,6,12300,1100,0,13400,10,25,24,59,0,0,0,4,4,11,5848.02039843289
"144",1014,34,"Yes","Travel_Frequently",234,"Research & Development",9,4,"Life Sciences",1,1807,4,"Male",93,3,2,"Laboratory Technician",1,"Married",6208,4,"Y","No",17,3,3,80,1,11,3,2,7,1,0,7,0,2,0,4,3100,1700,1000,5800,10,27,30,67,0,0,3,0,3,11,4818.43329079226
"145",1015,30,"Yes","Travel_Frequently",334,"Sales",26,4,"Marketing",1,299,3,"Female",52,2,2,"Sales Executive",1,"Single",22967,5,"Y","No",15,3,3,80,0,9,5,2,6,3,0,1,0,0,0,2,11500,1500,0,13000,20,27,29,76,0,0,1,0,1,7,5857.11283891996
"146",1016,43,"No","Travel_Rarely",990,"Research & Development",27,3,"Technical Degree",1,1599,4,"Male",87,4,1,"Laboratory Technician",2,"Divorced",5855,5,"Y","No",12,3,3,80,1,8,0,3,6,4,0,2,1,0,0,4,5900,1200,1000,8100,0,54,56,110,0,0,1,0,1,11,2602.98438472619
"147",1017,42,"No","Travel_Rarely",269,"Research & Development",2,3,"Medical",1,351,4,"Female",56,2,1,"Laboratory Technician",1,"Divorced",8007,0,"Y","Yes",11,3,3,80,1,10,4,3,9,6,7,8,1,2,0,6,8000,1100,1000,10100,40,53,54,147,0,0,3,0,3,10,2721.67648493824
"148",1018,35,"No","Travel_Rarely",662,"Sales",1,5,"Marketing",1,204,3,"Male",94,3,3,"Sales Executive",2,"Married",11439,1,"Y","No",13,3,1,80,2,10,3,3,10,8,0,6,1,2,0,6,3800,1300,2000,7100,10,17,18,45,-2,0,0,0,-2,6,8768.54451836348
"149",1019,30,"No","Travel_Rarely",1339,"Sales",5,3,"Life Sciences",1,228,2,"Female",41,3,3,"Sales Executive",4,"Married",8053,2,"Y","No",12,3,3,80,1,12,2,3,10,9,7,4,1,2,0,6,2700,1200,1000,4900,0,18,17,35,0,0,2,0,2,11,8807.70669421036
"150",1020,18,"No","Non-Travel",287,"Research & Development",5,2,"Life Sciences",1,1012,2,"Male",73,3,1,"Research Scientist",4,"Single",13493,1,"Y","No",15,3,4,80,0,0,2,3,0,0,0,0,2,2,0,7,13500,1500,0,15000,20,60,60,140,0,0,0,3,3,12,2622.90807741768
"151",1021,45,"No","Travel_Rarely",561,"Sales",2,3,"Other",1,606,4,"Male",61,3,2,"Sales Executive",2,"Married",16177,0,"Y","No",19,3,2,80,1,9,3,4,8,7,3,7,1,2,0,7,8100,1900,1000,11000,10,29,27,66,0,-1,0,0,-1,8,5736.84266084059
"152",1022,36,"No","Non-Travel",845,"Sales",1,5,"Medical",1,479,4,"Female",45,3,2,"Sales Executive",4,"Single",15276,4,"Y","No",15,3,2,80,0,7,6,3,1,0,0,0,2,2,0,7,7600,1500,0,9100,30,30,30,90,0,1,0,0,1,12,5774.29167244148
"153",1023,39,"No","Travel_Rarely",835,"Research & Development",19,4,"Other",1,1871,4,"Male",41,3,2,"Research Scientist",4,"Divorced",5141,8,"Y","No",14,3,2,80,3,7,2,3,2,2,2,2,1,1,0,5,2600,1400,3000,7000,10,29,29,68,0,1,0,0,1,12,4708.92125496509
"154",1024,45,"No","Non-Travel",1238,"Research & Development",1,1,"Life Sciences",1,1712,3,"Male",74,2,3,"Healthcare Representative",3,"Married",3395,3,"Y","No",23,4,4,80,1,25,3,2,23,15,14,4,2,2,0,6,1100,2300,1000,4400,10,16,15,41,0,0,0,4,4,12,9535.1601993482
"155",1025,41,"No","Travel_Frequently",857,"Research & Development",10,3,"Life Sciences",1,199,4,"Male",91,2,4,"Manager",1,"Divorced",12888,4,"Y","No",13,3,2,80,1,21,2,2,7,6,7,7,0,1,0,3,3200,1300,1000,5500,0,14,14,28,0,-1,0,0,-1,6,15842.757535489
"156",1026,39,"No","Non-Travel",105,"Research & Development",9,3,"Life Sciences",1,2022,4,"Male",87,3,5,"Manager",4,"Single",15302,2,"Y","No",13,3,3,80,0,21,3,2,6,0,1,3,2,2,0,6,3100,1300,0,4400,0,12,11,23,0,0,2,0,2,13,19121.1130115989
"157",1027,31,"No","Travel_Rarely",106,"Human Resources",2,3,"Human Resources",1,424,1,"Male",62,2,2,"Human Resources",1,"Married",17822,3,"Y","No",12,3,4,80,0,9,1,3,2,2,1,0,1,2,0,6,8900,1200,0,10100,0,30,29,59,0,0,0,3,3,7,4769.57440835724
"158",1028,25,"No","Travel_Rarely",891,"Sales",4,2,"Life Sciences",1,527,2,"Female",99,2,2,"Sales Executive",4,"Single",12090,1,"Y","Yes",11,3,2,80,0,5,3,3,5,4,1,3,1,2,0,6,6000,1100,0,7100,10,30,28,68,0,0,0,0,0,8,5571.56542813582
"159",1029,24,"Yes","Travel_Rarely",693,"Sales",3,2,"Life Sciences",1,720,1,"Female",65,3,2,"Sales Executive",3,"Single",24785,9,"Y","No",14,3,1,80,0,4,3,3,2,2,2,0,1,2,0,6,12400,1400,0,13800,10,29,29,68,0,0,0,0,0,7,5539.48130146126
"160",1030,44,"Yes","Travel_Rarely",1376,"Human Resources",1,2,"Medical",1,1098,2,"Male",91,2,3,"Human Resources",1,"Married",2326,9,"Y","No",14,3,4,80,1,24,1,3,20,6,3,6,1,2,0,6,800,1400,1000,3200,0,19,18,37,0,0,0,4,4,9,8579.58035699071
"161",1031,32,"No","Travel_Rarely",499,"Sales",2,1,"Marketing",1,1396,3,"Male",36,3,2,"Sales Executive",2,"Married",20497,0,"Y","Yes",13,3,1,80,3,4,3,2,3,2,1,2,1,2,0,5,10200,1300,3000,14500,10,30,29,69,0,0,0,0,0,8,5542.78389282914
"162",1032,43,"No","Travel_Rarely",244,"Human Resources",2,3,"Life Sciences",1,1778,2,"Male",97,3,1,"Human Resources",4,"Single",5033,0,"Y","No",13,3,2,80,0,10,5,3,9,7,1,8,1,2,0,6,5000,1300,0,6300,50,59,53,162,0,-1,0,0,-1,8,2876.78855263775
"163",1033,27,"No","Travel_Rarely",269,"Research & Development",5,1,"Technical Degree",1,844,3,"Male",42,2,3,"Research Director",4,"Divorced",8842,1,"Y","Yes",16,3,2,80,1,9,3,3,9,8,0,8,1,2,0,6,2900,1600,1000,5500,10,17,18,45,0,-1,0,0,-1,8,12257.3553994503
"164",1034,26,"No","Travel_Rarely",482,"Research & Development",1,2,"Life Sciences",1,1893,2,"Female",90,2,1,"Research Scientist",3,"Married",14908,1,"Y","Yes",13,3,3,80,1,1,3,2,1,0,1,0,1,2,0,5,14900,1300,1000,17200,30,59,59,148,0,0,1,0,1,8,2644.11819645209
"165",1035,40,"No","Non-Travel",663,"Research & Development",9,4,"Other",1,1449,3,"Male",81,3,2,"Laboratory Technician",3,"Divorced",23099,3,"Y","No",11,3,3,80,2,11,2,4,8,7,0,7,2,2,0,8,11500,1100,2000,14600,10,26,27,63,0,0,3,0,3,12,4660.77210638932
"166",1036,20,"Yes","Travel_Rarely",1362,"Research & Development",10,1,"Medical",1,701,4,"Male",32,3,1,"Research Scientist",3,"Single",26999,1,"Y","Yes",11,3,4,80,0,1,5,3,1,0,1,1,1,1,0,5,27000,1100,0,28100,50,59,59,168,0,0,0,3,3,13,2695.27575608521
"167",1037,25,"No","Travel_Rarely",883,"Sales",26,1,"Medical",1,781,3,"Female",32,3,2,"Sales Executive",4,"Single",22807,1,"Y","No",23,4,2,80,0,6,5,2,6,5,1,4,1,0,0,3,11400,2300,0,13700,20,30,28,78,0,0,0,0,0,10,5657.11716818167
"168",1038,54,"No","Travel_Rarely",397,"Human Resources",19,4,"Medical",1,698,3,"Male",88,3,3,"Human Resources",2,"Married",6729,2,"Y","No",15,3,3,80,1,16,1,4,9,7,7,1,1,1,0,6,2200,1500,1000,4700,0,18,18,36,0,0,1,0,1,9,8027.73274791416
"169",1039,39,"No","Travel_Rarely",1253,"Research & Development",10,1,"Medical",1,1800,3,"Male",65,3,3,"Research Director",3,"Single",7914,7,"Y","No",21,4,3,80,0,9,3,3,4,3,2,2,1,1,0,5,2600,2100,0,4700,10,20,19,49,0,0,1,0,1,10,12251.7993536028
"170",1040,29,"No","Travel_Rarely",657,"Research & Development",27,3,"Medical",1,793,2,"Female",66,3,2,"Healthcare Representative",3,"Married",25549,4,"Y","No",12,3,1,80,1,11,3,2,8,7,1,1,1,0,0,3,12800,1200,1000,15000,10,30,27,67,0,0,0,0,0,8,5872.14580184866
"171",1041,31,"Yes","Travel_Frequently",307,"Research & Development",29,2,"Medical",1,355,3,"Male",71,2,1,"Laboratory Technician",2,"Single",11652,0,"Y","No",11,3,2,80,0,6,2,4,5,4,1,4,0,0,0,4,11700,1100,0,12800,20,59,56,135,0,0,0,0,0,7,2555.53642381453
"172",1042,33,"No","Travel_Rarely",1198,"Research & Development",1,4,"Other",1,939,3,"Male",100,2,1,"Research Scientist",1,"Single",3339,3,"Y","Yes",11,3,2,80,0,6,1,3,3,2,0,2,1,2,0,6,3300,1100,0,4400,10,57,58,125,0,1,0,0,1,7,2820.70703834162
"173",1043,36,"No","Travel_Rarely",557,"Sales",3,3,"Medical",1,2024,1,"Female",94,2,3,"Sales Executive",4,"Married",12695,0,"Y","No",19,3,3,80,2,10,2,3,9,7,3,4,1,2,0,6,4200,1900,2000,8100,0,19,18,37,0,0,2,0,2,9,8739.415686025
"174",1044,36,"No","Travel_Rarely",928,"Sales",1,2,"Life Sciences",1,857,2,"Male",56,3,2,"Sales Executive",4,"Married",2823,1,"Y","Yes",14,3,4,80,1,18,1,2,18,14,4,11,1,2,0,5,1400,1400,1000,3800,0,28,23,51,0,0,0,4,4,13,6092.07439445477
"175",1045,28,"No","Non-Travel",1103,"Research & Development",16,3,"Medical",1,1947,3,"Male",49,3,1,"Research Scientist",3,"Single",2122,1,"Y","No",14,3,3,80,0,5,3,2,5,3,1,4,2,1,0,5,2100,1400,0,3500,30,59,57,146,0,0,2,0,2,11,2789.60136515249
"176",1046,28,"Yes","Travel_Frequently",1009,"Research & Development",1,3,"Medical",1,1111,1,"Male",45,2,1,"Laboratory Technician",2,"Divorced",7160,1,"Y","No",15,3,1,80,2,1,2,3,1,0,0,0,0,2,0,5,7200,1500,2000,10700,20,59,59,138,0,0,0,0,0,5,2411.0015725851
"177",1047,38,"Yes","Travel_Rarely",903,"Research & Development",2,3,"Medical",1,1573,3,"Male",81,3,2,"Manufacturing Director",2,"Married",7653,4,"Y","No",11,3,1,80,2,7,2,3,5,2,1,4,1,2,0,6,3800,1100,2000,6900,10,30,29,69,-1,0,0,0,-1,7,5891.60013511122
"178",1048,33,"No","Travel_Frequently",553,"Research & Development",5,4,"Life Sciences",1,428,4,"Female",74,3,3,"Manager",2,"Married",23364,6,"Y","No",11,3,2,80,2,12,2,3,10,6,8,8,0,2,0,5,7800,1100,2000,10900,0,18,18,36,0,-1,0,0,-1,8,12175.5037601562
"179",1049,27,"Yes","Travel_Rarely",135,"Research & Development",17,4,"Life Sciences",1,1405,4,"Female",51,3,1,"Research Scientist",3,"Single",25681,1,"Y","Yes",13,3,4,80,0,8,2,3,8,2,7,7,1,1,0,5,25700,1300,0,27000,20,53,58,131,0,0,0,4,4,14,2998.5286332221
"180",1050,35,"Yes","Travel_Rarely",763,"Sales",15,2,"Medical",1,1645,1,"Male",59,1,2,"Sales Executive",4,"Divorced",22098,6,"Y","Yes",14,3,4,80,2,7,2,2,2,2,2,2,1,1,0,4,11000,1400,2000,14400,10,29,29,68,0,0,0,3,3,9,5686.28525095229
"181",1051,53,"Yes","Travel_Rarely",607,"Research & Development",2,5,"Technical Degree",1,1572,3,"Female",78,2,3,"Manufacturing Director",4,"Married",14618,0,"Y","No",16,3,2,80,1,34,4,3,33,7,1,9,1,2,0,6,4900,1600,1000,7500,10,20,18,48,0,-2,0,0,-2,7,10441.9805977335
"182",1052,36,"No","Travel_Frequently",635,"Research & Development",18,1,"Medical",1,286,2,"Female",73,3,1,"Laboratory Technician",4,"Single",7703,1,"Y","No",13,3,1,80,0,8,2,3,8,1,1,7,0,1,0,4,7700,1300,0,9000,20,59,59,138,-2,0,0,0,-2,7,2845.73609655068
"183",1053,43,"No","Travel_Rarely",1473,"Research & Development",8,4,"Other",1,526,3,"Female",74,3,2,"Healthcare Representative",3,"Divorced",2227,4,"Y","Yes",14,3,4,80,0,8,3,3,5,2,0,2,1,2,0,6,1100,1400,0,2500,10,28,29,67,0,0,0,3,3,12,5767.28482593196
"184",1054,28,"No","Travel_Rarely",995,"Research & Development",9,3,"Medical",1,930,3,"Female",77,3,1,"Research Scientist",3,"Divorced",9834,5,"Y","No",18,3,2,80,1,6,2,3,2,2,2,2,1,2,0,6,9800,1800,1000,12600,20,58,58,136,0,1,0,0,1,10,2840.52228309368
"185",1055,27,"No","Travel_Frequently",591,"Research & Development",2,3,"Medical",1,1648,4,"Male",87,3,1,"Research Scientist",4,"Single",6297,2,"Y","No",13,3,3,80,0,6,0,2,4,2,1,2,0,2,0,4,6300,1300,0,7600,0,59,58,117,0,0,1,0,1,12,2820.16007398382
"186",1056,25,"Yes","Travel_Rarely",688,"Research & Development",3,3,"Medical",1,538,1,"Male",91,3,1,"Laboratory Technician",1,"Married",9396,5,"Y","No",13,3,3,80,1,6,5,3,2,2,0,2,1,2,0,6,9400,1300,1000,11700,50,58,58,166,0,0,1,0,1,6,2701.68488491421
"187",1057,27,"No","Travel_Frequently",472,"Research & Development",1,1,"Technical Degree",1,274,3,"Male",60,2,2,"Manufacturing Director",1,"Married",9679,5,"Y","No",19,3,3,80,1,6,1,3,2,2,2,0,0,2,0,5,4800,1900,1000,7700,0,29,29,58,0,0,1,0,1,7,5795.91677088738
"188",1058,43,"No","Travel_Rarely",1034,"Sales",16,3,"Marketing",1,327,4,"Female",80,3,4,"Manager",4,"Married",7744,5,"Y","Yes",22,4,3,80,1,22,3,3,17,13,1,9,1,1,0,5,1900,2200,1000,5100,0,15,12,27,0,0,4,0,4,15,15892.6603276802
"189",1059,37,"No","Travel_Rarely",1239,"Human Resources",8,2,"Other",1,1794,3,"Male",89,3,2,"Human Resources",2,"Divorced",12832,2,"Y","No",13,3,3,80,0,19,4,2,10,0,4,7,1,2,0,5,6400,1300,0,7700,20,28,25,73,0,0,3,0,3,11,5204.37531676873
"190",1060,28,"No","Travel_Rarely",1451,"Research & Development",2,1,"Life Sciences",1,1136,1,"Male",67,2,1,"Research Scientist",2,"Married",19911,0,"Y","No",17,3,1,80,0,6,2,1,5,3,0,4,1,2,0,4,19900,1700,0,21600,20,55,57,132,-1,0,0,0,-1,4,2811.75653697573
"191",1061,57,"No","Travel_Rarely",405,"Research & Development",1,2,"Life Sciences",1,1483,2,"Male",93,4,2,"Research Scientist",3,"Married",2721,0,"Y","No",24,4,1,80,1,13,2,2,12,9,2,8,1,2,0,5,1400,2400,1000,4800,10,29,26,65,-2,0,0,0,-2,7,4951.01818486522
"192",1062,34,"No","Travel_Frequently",426,"Research & Development",10,4,"Life Sciences",1,1615,3,"Male",42,4,2,"Manufacturing Director",4,"Divorced",17000,1,"Y","No",13,3,1,80,1,9,3,3,9,7,7,2,0,1,0,4,8500,1300,1000,10800,10,27,27,64,0,0,0,0,0,11,5931.04291012728
"193",1063,33,"No","Travel_Frequently",1296,"Research & Development",6,3,"Life Sciences",1,692,3,"Male",30,3,2,"Healthcare Representative",4,"Divorced",5335,3,"Y","No",23,4,3,80,1,15,2,1,13,11,4,7,0,2,0,3,2700,2300,1000,6000,10,28,25,63,0,0,3,0,3,13,6021.17902307099
"194",1064,23,"Yes","Travel_Rarely",427,"Sales",7,3,"Life Sciences",1,1702,3,"Male",99,3,1,"Sales Representative",4,"Divorced",25103,1,"Y","Yes",21,4,2,80,1,3,2,3,3,2,0,2,1,2,0,6,25100,2100,1000,28200,20,57,58,135,0,1,0,0,1,11,2468.63706990932
"195",1065,58,"No","Non-Travel",390,"Research & Development",1,4,"Life Sciences",1,422,4,"Male",32,1,2,"Healthcare Representative",3,"Divorced",17056,2,"Y","Yes",13,3,4,80,1,12,2,3,5,3,1,2,2,2,0,7,8500,1300,1000,10800,10,30,29,69,0,0,0,3,3,11,5967.06772873948
"196",1066,23,"No","Travel_Rarely",650,"Research & Development",9,1,"Medical",1,758,2,"Male",37,3,1,"Laboratory Technician",1,"Married",4344,1,"Y","No",14,3,4,80,1,5,2,4,4,3,0,2,1,2,0,7,4300,1400,1000,6700,20,56,57,133,0,0,0,3,3,9,2547.60720003552
"197",1067,40,"No","Travel_Rarely",1194,"Research & Development",2,4,"Medical",1,2051,3,"Female",98,3,1,"Research Scientist",3,"Married",12549,2,"Y","No",14,3,2,80,3,20,2,3,5,3,0,2,1,2,0,6,12500,1400,3000,16900,20,55,57,132,0,1,0,0,1,10,3541.99570328094
"198",1068,60,"No","Travel_Rarely",422,"Research & Development",7,3,"Life Sciences",1,549,1,"Female",41,3,5,"Manager",1,"Married",3854,5,"Y","No",11,3,4,80,0,33,5,1,29,8,11,10,1,2,0,4,800,1100,0,1900,10,10,11,31,0,0,0,4,4,9,19988.7190258563
"199",1069,33,"No","Travel_Frequently",430,"Sales",7,3,"Medical",1,1477,4,"Male",54,3,2,"Sales Executive",1,"Married",17456,0,"Y","No",14,3,1,80,2,5,2,3,4,3,0,3,0,2,0,5,8700,1400,2000,12100,10,28,29,67,-1,0,0,0,-1,7,5600.62585756722
"200",1070,50,"No","Travel_Rarely",316,"Sales",8,4,"Marketing",1,738,4,"Male",54,3,1,"Sales Representative",2,"Married",9983,7,"Y","No",15,3,4,80,1,4,2,3,2,2,2,2,1,2,0,6,10000,1500,1000,12500,20,58,58,136,0,0,0,3,3,12,2482.72590315219
"201",1071,27,"No","Travel_Rarely",1291,"Sales",11,3,"Medical",1,1364,3,"Female",98,4,1,"Sales Representative",4,"Married",6527,8,"Y","No",14,3,2,80,1,5,4,3,1,0,0,0,1,1,0,5,6500,1400,1000,8900,40,59,59,158,0,1,0,0,1,12,2651.4278871876
"202",1072,31,"No","Travel_Rarely",480,"Research & Development",7,2,"Medical",1,524,2,"Female",31,3,2,"Manufacturing Director",1,"Married",4156,1,"Y","No",12,3,2,80,1,13,5,1,13,10,3,12,1,2,0,4,2100,1200,1000,4300,20,29,25,74,0,-3,0,0,-3,3,6108.82779332328
"203",1073,20,"No","Travel_Rarely",654,"Sales",21,3,"Marketing",1,1226,3,"Male",43,4,1,"Sales Representative",4,"Single",5050,1,"Y","No",17,3,4,80,0,2,2,3,2,1,2,2,1,0,0,4,5000,1700,0,6700,20,58,59,137,0,0,0,3,3,14,2463.82185231579
"204",1074,30,"No","Travel_Rarely",305,"Research & Development",16,3,"Life Sciences",1,1763,3,"Male",58,4,2,"Healthcare Representative",3,"Married",9128,3,"Y","No",16,3,3,80,1,10,3,3,7,0,1,7,1,1,0,5,4600,1600,1000,7200,10,30,27,67,0,0,3,0,3,13,5807.58090243153
"205",1075,56,"No","Travel_Rarely",1443,"Sales",11,5,"Marketing",1,1935,4,"Female",89,2,2,"Sales Executive",1,"Married",20328,4,"Y","No",16,3,3,80,1,6,3,3,0,0,0,0,1,1,0,5,10200,1600,1000,12800,10,30,30,70,0,0,1,0,1,8,5643.64541103074
"206",1076,46,"No","Travel_Rarely",1402,"Sales",2,3,"Marketing",1,1204,3,"Female",69,3,4,"Manager",1,"Married",24097,8,"Y","No",23,4,1,80,0,28,2,3,26,15,15,9,1,2,0,6,6000,2300,0,8300,0,12,12,24,-3,0,0,0,-3,4,16293.8963749857
"207",1077,53,"No","Travel_Rarely",1282,"Research & Development",5,3,"Other",1,32,3,"Female",58,3,5,"Manager",3,"Divorced",10735,4,"Y","No",11,3,4,80,1,26,3,2,14,13,4,8,1,2,0,5,2100,1100,1000,4200,0,12,10,22,0,0,0,4,4,13,19400.0004990521
"208",1078,31,"No","Travel_Rarely",311,"Research & Development",20,3,"Life Sciences",1,1881,2,"Male",89,3,2,"Laboratory Technician",3,"Divorced",18624,1,"Y","No",11,3,1,80,1,10,2,3,10,8,0,2,1,0,0,4,9300,1100,1000,11400,10,25,26,61,0,0,0,0,0,8,4583.34827390896
"209",1079,36,"No","Travel_Rarely",506,"Research & Development",3,3,"Technical Degree",1,397,3,"Male",30,3,2,"Research Scientist",2,"Single",26285,4,"Y","No",12,3,4,80,0,10,2,3,8,0,7,7,1,2,0,6,13100,1200,0,14300,10,27,26,63,0,0,0,4,4,12,4770.17516945472
"210",1080,42,"No","Travel_Frequently",532,"Research & Development",29,2,"Life Sciences",1,547,1,"Female",92,3,2,"Research Scientist",3,"Divorced",12932,2,"Y","No",11,3,2,80,1,19,3,3,5,4,0,2,0,0,0,3,6500,1100,1000,8600,10,28,28,66,0,1,0,0,1,8,5318.86564857174
"211",1081,40,"No","Travel_Rarely",1322,"Research & Development",2,4,"Life Sciences",1,2048,3,"Male",52,2,1,"Research Scientist",3,"Single",2725,2,"Y","No",14,3,4,80,0,8,2,3,2,2,2,2,1,2,0,6,2700,1400,0,4100,20,58,58,136,0,0,0,3,3,11,2933.03432036856
"212",1082,35,"No","Travel_Rarely",287,"Research & Development",1,4,"Life Sciences",1,2052,3,"Female",62,1,1,"Research Scientist",4,"Married",8952,1,"Y","No",12,3,4,80,1,4,5,3,4,3,1,1,1,2,0,6,9000,1200,1000,11200,50,59,57,166,0,0,0,3,3,11,2762.41820780495
"213",1083,23,"Yes","Travel_Frequently",638,"Sales",9,3,"Marketing",1,2023,4,"Male",33,3,1,"Sales Representative",1,"Married",26956,1,"Y","No",19,3,1,80,1,1,3,2,1,0,1,0,0,2,0,4,27000,1900,1000,29900,30,59,59,148,0,0,0,0,0,8,2421.30929127298
"214",1084,35,"No","Travel_Rarely",619,"Sales",1,3,"Marketing",1,600,2,"Male",85,3,2,"Sales Executive",3,"Married",18659,9,"Y","No",11,3,3,80,0,15,2,3,11,9,6,9,1,2,0,6,9300,1100,0,10400,10,27,26,63,0,0,4,0,4,12,6040.63380974997
"215",1085,38,"No","Travel_Frequently",216,"Research & Development",23,3,"Life Sciences",1,12,4,"Male",44,2,3,"Manufacturing Director",3,"Single",8787,0,"Y","No",21,4,2,80,0,10,2,3,9,7,1,8,0,0,0,3,2900,2100,0,5000,0,20,18,38,0,-1,0,0,-1,8,8915.05959337793
"216",1086,40,"No","Travel_Frequently",580,"Sales",5,4,"Life Sciences",1,729,4,"Male",48,2,3,"Sales Executive",1,"Married",23772,5,"Y","Yes",21,4,3,80,1,20,2,3,18,13,1,12,0,2,0,5,7900,2100,1000,11000,0,20,16,36,0,0,4,0,4,11,9255.04486819413
"217",1087,31,"No","Travel_Rarely",1003,"Sales",5,3,"Technical Degree",1,1749,1,"Male",51,3,2,"Sales Executive",3,"Married",20943,1,"Y","No",19,3,3,80,1,6,3,3,5,2,0,2,1,2,0,6,10500,1900,1000,13400,10,28,29,67,0,0,1,0,1,8,5666.33874178132
"218",1088,38,"No","Travel_Rarely",268,"Research & Development",2,5,"Medical",1,773,4,"Male",92,3,1,"Research Scientist",3,"Married",20471,6,"Y","Yes",13,3,2,80,1,6,0,1,1,0,0,1,1,2,0,4,20500,1300,1000,22800,0,59,59,118,0,1,0,0,1,11,2829.65753970751
"219",1089,31,"No","Travel_Rarely",691,"Research & Development",5,4,"Technical Degree",1,423,3,"Male",86,3,1,"Research Scientist",4,"Married",10077,0,"Y","Yes",12,3,3,80,1,6,4,3,5,2,0,3,1,2,0,6,10100,1200,1000,12300,40,55,58,153,0,0,2,0,2,12,2905.52649352941
"220",1090,27,"No","Travel_Rarely",205,"Sales",10,3,"Marketing",1,1403,4,"Female",98,2,2,"Sales Executive",4,"Married",7100,1,"Y","Yes",11,3,4,80,0,6,3,3,6,2,4,4,1,1,0,5,3600,1100,0,4700,10,28,29,67,0,0,0,4,4,14,5681.20366817014
"221",1091,29,"No","Travel_Rarely",144,"Sales",10,1,"Marketing",1,463,4,"Female",39,2,2,"Sales Executive",2,"Divorced",11866,1,"Y","Yes",14,3,1,80,2,7,2,3,7,7,1,7,1,1,0,5,5900,1400,2000,9300,10,30,27,67,-2,0,0,0,-2,6,5640.86305809513
"222",1092,36,"No","Non-Travel",301,"Sales",15,4,"Marketing",1,2036,4,"Male",88,1,2,"Sales Executive",4,"Divorced",10436,1,"Y","No",24,4,1,80,1,15,4,2,15,12,11,11,2,1,0,5,5200,2400,1000,8600,20,25,24,69,-3,0,0,0,-3,6,5992.39711391109
"223",1093,37,"No","Travel_Frequently",663,"Research & Development",11,3,"Other",1,306,2,"Male",47,3,3,"Research Director",4,"Divorced",10056,1,"Y","Yes",14,3,3,80,3,10,1,3,10,8,0,7,0,1,0,4,3400,1400,3000,7800,0,17,18,35,0,0,3,0,3,12,12287.1576406752
"224",1094,40,"No","Travel_Rarely",107,"Sales",10,3,"Technical Degree",1,1239,2,"Female",84,2,2,"Sales Executive",2,"Divorced",11591,7,"Y","No",12,3,2,80,1,7,2,4,5,1,1,3,1,1,0,6,5800,1200,1000,8000,10,30,30,70,0,0,0,0,0,6,5766.52203120621
"225",1095,25,"No","Non-Travel",675,"Research & Development",5,2,"Life Sciences",1,369,2,"Male",85,4,2,"Healthcare Representative",1,"Divorced",18384,1,"Y","No",12,3,4,80,2,6,2,3,6,3,1,5,2,2,0,7,9200,1200,2000,12400,10,30,29,69,0,0,0,4,4,11,5696.36064972496
"226",1096,37,"No","Travel_Rarely",446,"Research & Development",1,4,"Life Sciences",1,635,2,"Female",65,3,2,"Manufacturing Director",2,"Married",15701,6,"Y","No",12,3,2,80,1,8,2,2,6,5,4,3,1,2,0,5,7900,1200,1000,10100,10,28,28,66,0,0,0,0,0,7,5898.79380935002
"227",1097,37,"No","Travel_Rarely",1017,"Research & Development",1,2,"Medical",1,340,3,"Female",83,2,1,"Research Scientist",1,"Married",18697,2,"Y","No",14,3,1,80,1,17,2,2,3,1,0,2,1,2,0,5,18700,1400,1000,21100,20,57,59,136,0,0,0,0,0,6,3475.77738628381
"228",1098,30,"Yes","Travel_Frequently",600,"Human Resources",8,3,"Human Resources",1,1747,3,"Female",66,2,1,"Human Resources",4,"Divorced",9732,6,"Y","No",11,3,3,80,1,6,0,2,4,2,1,2,0,2,0,4,9700,1100,1000,11800,0,59,58,117,0,0,1,0,1,10,2781.81888265413
"229",1099,32,"No","Travel_Rarely",1062,"Research & Development",2,3,"Medical",1,471,3,"Female",75,3,1,"Laboratory Technician",2,"Married",3956,1,"Y","No",13,3,3,80,1,8,4,3,8,0,0,7,1,2,0,6,4000,1300,1000,6300,40,52,52,144,0,0,3,0,3,11,2508.49348813949
"230",1100,37,"Yes","Travel_Rarely",370,"Research & Development",10,4,"Medical",1,1809,4,"Male",58,3,2,"Manufacturing Director",1,"Single",4992,1,"Y","No",15,3,2,80,0,10,4,1,10,3,0,8,1,1,0,3,2500,1500,0,4000,20,25,29,74,0,-1,0,0,-1,7,6114.61225088352
"231",1101,40,"No","Travel_Rarely",989,"Research & Development",4,1,"Medical",1,253,4,"Female",46,3,5,"Manager",3,"Married",6499,1,"Y","No",14,3,2,80,1,21,2,3,20,8,9,9,1,2,0,6,1300,1400,1000,3700,0,11,11,22,0,-2,0,0,-2,8,19261.5733650732
"232",1102,40,"No","Travel_Rarely",759,"Sales",2,2,"Marketing",1,516,4,"Female",46,3,2,"Sales Executive",2,"Divorced",22553,7,"Y","No",12,3,3,80,2,8,5,3,5,4,1,3,1,2,0,6,11300,1200,2000,14500,20,30,28,78,0,0,2,0,2,11,5735.91226386469
"233",1103,38,"No","Non-Travel",1327,"Sales",2,2,"Life Sciences",1,361,4,"Male",39,2,2,"Sales Executive",4,"Married",19682,3,"Y","No",18,3,4,80,1,13,0,3,8,7,7,5,2,2,0,7,9800,1800,1000,12600,0,27,27,54,0,0,0,4,4,14,5930.89247358527
"234",1104,53,"No","Travel_Rarely",661,"Sales",7,2,"Marketing",1,862,1,"Female",78,2,3,"Sales Executive",4,"Married",20715,7,"Y","Yes",18,3,4,80,1,35,3,3,5,2,0,4,1,2,0,6,6900,1800,1000,9700,10,19,20,49,0,0,0,4,4,11,10135.4295267647
"235",1105,36,"No","Travel_Rarely",188,"Research & Development",7,4,"Other",1,949,2,"Male",65,3,1,"Research Scientist",4,"Single",23293,2,"Y","No",18,3,3,80,0,8,6,3,6,2,0,1,1,2,0,6,23300,1800,0,25100,60,54,58,172,0,0,1,0,1,10,3058.40357989278
"236",1106,29,"No","Travel_Frequently",490,"Research & Development",10,3,"Life Sciences",1,1143,4,"Female",61,3,1,"Research Scientist",2,"Divorced",17940,0,"Y","No",14,3,4,80,2,8,2,2,7,5,1,1,0,1,0,3,17900,1400,2000,21300,20,59,55,134,0,0,0,3,3,12,2840.407791403
"237",1107,27,"No","Travel_Rarely",1103,"Research & Development",14,3,"Life Sciences",1,1244,1,"Male",42,3,1,"Research Scientist",1,"Married",14377,1,"Y","Yes",14,3,4,80,2,9,3,2,9,7,6,8,1,1,0,4,14400,1400,2000,17800,30,54,53,137,0,0,0,4,4,9,2821.57255534452
"238",1108,44,"No","Travel_Rarely",1112,"Human Resources",1,4,"Life Sciences",1,665,1,"Female",50,2,2,"Human Resources",3,"Single",26894,4,"Y","No",11,3,2,80,0,10,1,4,2,2,0,2,1,2,0,7,13400,1100,0,14500,0,29,29,58,0,1,0,0,1,7,4805.58105087339
"239",1109,27,"No","Travel_Frequently",1242,"Sales",20,3,"Life Sciences",1,293,4,"Female",90,3,2,"Sales Executive",3,"Single",12916,1,"Y","No",14,3,4,80,0,7,2,3,7,7,0,7,0,0,0,3,6500,1400,0,7900,10,27,27,64,0,0,0,4,4,14,5636.51858006135
"240",1110,35,"No","Travel_Rarely",682,"Sales",18,4,"Medical",1,1945,2,"Male",71,3,2,"Sales Executive",1,"Married",15975,0,"Y","No",16,3,4,80,1,6,2,1,5,3,0,4,1,1,0,3,8000,1600,1000,10600,10,28,29,67,0,0,0,4,4,10,5661.74680259348
"241",1111,35,"No","Non-Travel",208,"Research & Development",8,4,"Life Sciences",1,1630,3,"Female",52,3,2,"Healthcare Representative",3,"Married",12250,1,"Y","No",12,3,4,80,1,15,5,3,14,11,2,9,2,2,0,7,6100,1200,1000,8300,20,29,25,74,0,0,0,4,4,13,6053.5043486463
"242",1112,59,"No","Travel_Rarely",1089,"Sales",1,2,"Technical Degree",1,1048,2,"Male",66,3,3,"Manager",4,"Married",11038,3,"Y","Yes",14,3,3,80,1,14,1,1,6,4,0,4,1,2,0,4,3700,1400,1000,6100,0,18,19,37,0,0,2,0,2,11,12263.7963215629
"243",1113,33,"Yes","Travel_Rarely",1277,"Research & Development",15,1,"Medical",1,582,2,"Male",56,3,3,"Manager",3,"Married",24619,7,"Y","Yes",12,3,4,80,0,15,2,4,7,6,7,7,1,1,0,6,8200,1200,0,9400,0,18,18,36,0,0,0,4,4,12,12304.1165808108
"244",1114,50,"Yes","Travel_Frequently",562,"Sales",8,2,"Technical Degree",1,723,2,"Male",50,3,2,"Sales Executive",3,"Married",23452,3,"Y","Yes",14,3,1,80,1,18,4,3,4,3,1,3,0,2,0,5,11700,1400,1000,14100,20,30,29,79,-1,0,0,0,-1,7,6298.54296297926
"245",1115,47,"No","Travel_Rarely",1180,"Research & Development",25,3,"Medical",1,1993,1,"Male",84,3,3,"Healthcare Representative",3,"Single",13084,2,"Y","No",23,4,2,80,0,25,3,3,17,14,12,11,1,0,0,4,4400,2300,0,6700,10,16,16,42,0,-2,0,0,-2,5,9524.17056664158
"246",1116,27,"No","Travel_Frequently",1131,"Research & Development",15,3,"Life Sciences",1,1870,4,"Female",77,2,1,"Research Scientist",1,"Married",23844,0,"Y","No",19,3,4,80,1,8,2,2,7,6,7,3,0,1,0,3,23800,1900,1000,26700,20,53,54,127,0,0,0,4,4,11,2776.47860564831
"247",1117,37,"No","Travel_Rarely",1305,"Research & Development",10,4,"Life Sciences",1,518,3,"Male",49,3,2,"Manufacturing Director",2,"Single",21123,2,"Y","Yes",12,3,4,80,0,18,2,2,1,0,0,1,1,1,0,4,10600,1200,0,11800,10,30,30,70,0,0,0,3,3,11,6489.18363280859
"248",1118,28,"No","Non-Travel",1476,"Research & Development",1,3,"Life Sciences",1,1315,3,"Female",55,1,2,"Laboratory Technician",4,"Married",16392,0,"Y","No",11,3,1,80,3,10,6,3,9,8,7,5,2,2,0,7,8200,1100,3000,12300,30,27,26,83,-1,0,0,0,-1,7,4625.21585703535
"249",1119,58,"No","Travel_Rarely",1272,"Research & Development",5,3,"Technical Degree",1,940,3,"Female",37,2,3,"Healthcare Representative",2,"Divorced",9255,2,"Y","Yes",13,3,4,80,1,24,3,3,6,0,0,4,1,2,0,6,3100,1300,1000,5400,10,18,18,46,0,0,0,4,4,11,9455.71143251654
"250",1120,34,"No","Travel_Rarely",204,"Sales",14,3,"Technical Degree",1,666,3,"Female",31,3,1,"Sales Representative",3,"Divorced",2912,1,"Y","Yes",18,3,4,80,2,8,3,3,8,2,0,6,1,1,0,5,2900,1800,2000,6700,30,52,58,140,0,0,0,4,4,13,2784.1612229565
"251",1121,50,"Yes","Travel_Rarely",410,"Sales",28,3,"Marketing",1,2055,4,"Male",39,2,3,"Sales Executive",1,"Divorced",16586,4,"Y","Yes",13,3,2,80,1,20,3,3,3,2,2,0,1,0,0,4,5500,1300,1000,7800,10,20,20,50,0,1,0,0,1,8,9323.38207800826
"252",1122,48,"No","Non-Travel",1262,"Research & Development",1,4,"Medical",1,1116,1,"Male",35,4,4,"Manager",4,"Single",16154,2,"Y","No",22,4,3,80,0,27,3,2,5,4,2,1,2,2,0,6,4000,2200,0,6200,0,15,14,29,0,0,1,0,1,10,16135.252714566
"253",1123,31,"No","Travel_Frequently",1125,"Research & Development",1,3,"Life Sciences",1,1956,4,"Male",48,1,2,"Research Scientist",1,"Married",5771,1,"Y","No",21,4,2,80,0,10,6,3,10,8,8,7,0,2,0,5,2900,2100,0,5000,30,26,26,82,0,-1,0,0,-1,5,4838.51723615028
"254",1124,45,"No","Non-Travel",1195,"Research & Development",2,2,"Medical",1,264,1,"Male",65,2,4,"Manager",4,"Married",20462,9,"Y","No",23,4,4,80,1,22,1,3,20,8,11,8,2,2,0,7,5100,2300,1000,8400,0,13,13,26,0,0,0,4,4,11,15969.7006146973
"255",1125,34,"No","Travel_Rarely",1320,"Research & Development",20,3,"Technical Degree",1,1265,3,"Female",89,4,1,"Research Scientist",3,"Married",21643,0,"Y","No",17,3,4,80,0,2,5,2,1,0,0,0,1,0,0,3,21600,1700,0,23300,50,59,59,168,0,0,0,3,3,13,2732.34789634697
"256",1126,19,"Yes","Travel_Frequently",602,"Sales",1,1,"Technical Degree",1,235,3,"Female",100,1,1,"Sales Representative",1,"Single",20989,0,"Y","No",21,4,1,80,0,1,5,4,0,0,0,0,0,2,0,6,21000,2100,0,23100,50,60,60,170,0,0,0,0,0,5,2515.05563674696
"257",1127,24,"Yes","Travel_Frequently",1287,"Research & Development",7,3,"Life Sciences",1,647,1,"Female",55,3,1,"Laboratory Technician",3,"Married",14168,1,"Y","Yes",16,3,4,80,1,6,4,3,6,3,1,2,0,2,0,5,14200,1600,1000,16800,40,59,57,156,0,0,0,3,3,10,2671.05921553879
"258",1128,52,"No","Travel_Rarely",1325,"Research & Development",11,4,"Life Sciences",1,813,4,"Female",82,3,2,"Laboratory Technician",3,"Married",21821,8,"Y","No",20,4,2,80,1,9,3,3,5,2,1,4,1,1,0,5,10900,2000,1000,13900,10,30,29,69,0,0,0,0,0,10,4624.63192274113
"259",1129,41,"No","Travel_Rarely",334,"Sales",2,4,"Life Sciences",1,410,4,"Male",88,3,4,"Manager",2,"Single",15896,1,"Y","No",19,3,2,80,0,22,2,3,22,10,0,4,1,2,0,6,4000,1900,0,5900,0,10,13,23,0,0,0,0,0,9,15988.1980806594
"260",1130,22,"No","Travel_Rarely",217,"Research & Development",8,1,"Life Sciences",1,1019,2,"Male",94,1,1,"Laboratory Technician",1,"Married",6881,1,"Y","No",15,3,1,80,1,4,3,2,4,3,1,1,1,2,0,5,6900,1500,1000,9400,30,59,57,146,0,0,0,0,0,4,2524.38653046667
"261",1131,31,"No","Travel_Frequently",1327,"Research & Development",3,4,"Medical",1,337,2,"Male",73,3,3,"Research Director",3,"Divorced",13523,9,"Y","No",12,3,1,80,1,9,3,3,2,2,2,2,0,2,0,5,4500,1200,1000,6700,10,20,20,50,0,0,0,0,0,8,12293.3815176697
"262",1132,39,"No","Travel_Rarely",412,"Research & Development",13,4,"Medical",1,1307,3,"Female",94,2,4,"Manager",2,"Divorced",17334,6,"Y","Yes",13,3,4,80,2,21,4,3,19,9,15,2,1,1,0,5,4300,1300,2000,7600,10,12,13,35,0,0,0,3,3,10,15933.092951742
"263",1133,42,"No","Travel_Rarely",622,"Research & Development",2,4,"Life Sciences",1,659,3,"Female",81,3,2,"Healthcare Representative",4,"Married",5718,1,"Y","No",13,3,2,80,2,10,4,3,10,2,2,2,1,2,0,6,2900,1300,2000,6200,20,29,29,78,0,1,0,0,1,11,5950.43390954048
"264",1134,38,"No","Travel_Frequently",148,"Research & Development",2,3,"Medical",1,1675,4,"Female",42,2,1,"Laboratory Technician",2,"Single",23826,1,"Y","No",22,4,2,80,0,4,3,3,4,3,3,3,0,2,0,5,23800,2200,0,26000,30,57,57,144,0,0,0,0,0,8,2501.59180863018
"265",1135,32,"Yes","Travel_Rarely",1033,"Research & Development",9,3,"Medical",1,190,1,"Female",41,3,1,"Laboratory Technician",1,"Single",10224,7,"Y","No",22,4,1,80,0,10,2,4,5,4,0,4,1,2,0,7,10200,2200,0,12400,20,55,56,131,-1,0,0,0,-1,4,2758.11021852408
"266",1136,26,"No","Travel_Rarely",192,"Research & Development",1,2,"Medical",1,1083,1,"Male",59,2,1,"Laboratory Technician",1,"Married",11141,1,"Y","No",16,3,1,80,2,6,2,3,5,3,1,3,1,2,0,6,11100,1600,2000,14700,20,59,57,136,-1,0,0,0,-1,3,2614.22060789253
"267",1137,37,"No","Travel_Rarely",921,"Research & Development",10,3,"Medical",1,486,3,"Female",98,3,1,"Laboratory Technician",1,"Married",17663,6,"Y","No",20,4,2,80,1,17,3,3,5,4,0,3,1,1,0,5,17700,2000,1000,20700,30,55,56,141,0,0,0,0,0,7,3146.51261189933
"268",1138,41,"No","Travel_Frequently",1018,"Sales",1,3,"Marketing",1,1349,3,"Female",66,3,2,"Sales Executive",1,"Divorced",4297,0,"Y","No",17,3,4,80,1,10,2,3,9,3,1,7,0,2,0,5,2100,1700,1000,4800,10,30,29,69,0,0,0,4,4,11,5912.95351737757
"269",1139,38,"No","Travel_Rarely",119,"Sales",3,3,"Life Sciences",1,307,1,"Male",76,3,3,"Sales Executive",3,"Divorced",9647,0,"Y","No",12,3,3,80,2,17,6,2,16,10,5,13,1,2,0,5,3200,1200,2000,6400,20,19,17,56,0,0,4,0,4,11,9172.36350953049
"270",1140,43,"No","Travel_Rarely",1291,"Research & Development",15,2,"Life Sciences",1,1666,3,"Male",65,2,4,"Research Director",3,"Married",3525,1,"Y","No",24,4,1,80,1,14,3,3,14,10,6,11,1,1,0,5,900,2400,1000,4300,0,14,13,27,-3,0,0,0,-3,5,15712.1678813622
"271",1141,31,"No","Travel_Rarely",1463,"Research & Development",23,3,"Medical",1,367,2,"Male",64,2,2,"Healthcare Representative",4,"Married",14408,0,"Y","No",21,4,2,80,1,10,2,3,9,0,7,8,1,0,0,4,7200,2100,1000,10300,10,27,26,63,0,-1,0,0,-1,7,5767.39418431563
"272",1142,42,"No","Travel_Rarely",691,"Sales",8,4,"Marketing",1,35,3,"Male",48,3,2,"Sales Executive",2,"Married",21173,0,"Y","No",11,3,4,80,1,10,2,3,9,7,4,2,1,2,0,6,10600,1100,1000,12700,10,28,27,65,0,0,0,3,3,11,5801.49004730908
"273",1143,48,"No","Travel_Rarely",1355,"Research & Development",4,4,"Life Sciences",1,1024,3,"Male",78,2,3,"Healthcare Representative",3,"Single",22245,7,"Y","No",14,3,2,80,0,27,3,3,15,11,4,8,1,2,0,6,7400,1400,0,8800,10,19,17,46,0,-1,0,0,-1,7,9668.34917000195
"274",1144,28,"No","Travel_Rarely",821,"Sales",5,4,"Medical",1,916,1,"Male",98,3,2,"Sales Executive",4,"Single",24252,1,"Y","No",14,3,2,80,0,4,3,3,4,2,0,2,1,2,0,6,12100,1400,0,13500,10,28,29,67,0,1,0,0,1,9,5553.22185413282
"275",1145,44,"No","Travel_Frequently",602,"Human Resources",1,5,"Human Resources",1,1642,1,"Male",37,3,2,"Human Resources",4,"Married",10503,4,"Y","Yes",11,3,3,80,0,14,3,3,10,7,0,2,0,2,0,5,5300,1100,0,6400,10,25,27,62,0,0,1,0,1,9,5007.73303322705
"276",1146,45,"No","Travel_Rarely",374,"Sales",20,3,"Life Sciences",1,2046,4,"Female",50,3,2,"Sales Executive",3,"Single",23333,8,"Y","No",15,3,3,80,0,8,3,3,5,3,0,1,1,0,0,4,11700,1500,0,13200,10,28,29,67,0,0,1,0,1,11,5756.55480946227
"277",1147,34,"No","Travel_Rarely",628,"Research & Development",8,3,"Medical",1,2068,2,"Male",82,4,2,"Laboratory Technician",3,"Married",10228,2,"Y","No",12,3,1,80,0,6,3,4,4,3,1,2,1,2,0,7,5100,1200,0,6300,10,30,29,69,0,0,0,0,0,9,4475.59087962784
"278",1148,31,"No","Travel_Rarely",471,"Research & Development",4,3,"Medical",1,1916,1,"Female",62,4,1,"Laboratory Technician",3,"Divorced",16031,8,"Y","No",12,3,2,80,1,4,0,2,2,2,2,2,1,2,0,5,16000,1200,1000,18200,0,58,58,116,0,1,0,0,1,9,2477.83499416566
"279",1149,29,"No","Travel_Rarely",1010,"Research & Development",1,3,"Life Sciences",1,1249,1,"Female",97,3,1,"Research Scientist",4,"Divorced",5598,1,"Y","No",15,3,1,80,3,3,5,3,3,2,1,2,1,2,0,6,5600,1500,3000,10100,50,59,58,167,0,0,0,0,0,8,2758.83346205973
"280",1150,30,"No","Travel_Rarely",288,"Research & Development",2,3,"Life Sciences",1,117,3,"Male",99,2,2,"Healthcare Representative",4,"Married",15830,1,"Y","No",19,3,1,80,3,11,3,3,11,10,10,8,1,2,0,6,7900,1900,3000,12800,10,25,25,60,-2,0,0,0,-2,7,5784.86084575541
"281",1151,38,"No","Travel_Frequently",693,"Research & Development",7,3,"Life Sciences",1,1382,4,"Male",57,4,1,"Research Scientist",3,"Divorced",15748,1,"Y","No",11,3,4,80,3,4,2,3,4,2,0,3,0,2,0,5,15700,1100,3000,19800,20,56,58,134,0,0,0,4,4,15,2738.87358960253
"282",1152,27,"No","Travel_Frequently",793,"Sales",2,1,"Life Sciences",1,1371,4,"Male",43,1,2,"Sales Executive",4,"Single",20392,3,"Y","No",20,4,2,80,0,8,3,3,6,2,0,0,0,2,0,5,10200,2000,0,12200,10,27,29,66,0,1,0,0,1,10,5785.27804046596
"283",1153,54,"No","Travel_Frequently",928,"Research & Development",20,4,"Life Sciences",1,450,4,"Female",31,3,2,"Research Scientist",3,"Single",16885,3,"Y","No",12,3,4,80,0,20,4,2,4,3,0,3,0,0,0,2,8400,1200,0,9600,20,28,29,77,0,0,0,4,4,14,5423.03985674531
"284",1154,28,"Yes","Travel_Rarely",1485,"Research & Development",12,1,"Life Sciences",1,1175,3,"Female",79,3,1,"Laboratory Technician",4,"Married",22955,1,"Y","Yes",11,3,4,80,0,1,4,2,1,1,0,0,1,1,0,4,23000,1100,0,24100,40,59,59,158,0,0,0,3,3,13,2455.27122343646
"285",1155,49,"No","Travel_Rarely",470,"Research & Development",20,4,"Medical",1,170,3,"Female",96,3,2,"Manufacturing Director",1,"Married",5549,1,"Y","No",14,3,3,80,0,16,2,2,15,11,5,11,1,0,0,3,2800,1400,0,4200,10,28,25,63,0,0,4,0,4,11,6243.79351566932
"286",1156,51,"No","Travel_Rarely",313,"Research & Development",3,3,"Medical",1,258,4,"Female",98,3,4,"Healthcare Representative",2,"Single",7192,3,"Y","No",18,3,3,80,0,21,6,3,7,7,1,0,1,2,0,6,1800,1800,0,3600,10,15,14,39,0,0,1,0,1,10,12545.7632821199
"287",1157,29,"Yes","Travel_Rarely",341,"Sales",1,3,"Medical",1,896,2,"Female",48,2,1,"Sales Representative",3,"Divorced",23522,6,"Y","Yes",19,3,3,80,3,5,3,3,3,2,0,2,1,2,0,6,23500,1900,3000,28400,30,57,58,145,0,0,1,0,1,8,2590.17184139163
"288",1158,36,"No","Travel_Rarely",430,"Research & Development",2,4,"Other",1,1847,4,"Female",73,3,2,"Research Scientist",2,"Married",19573,4,"Y","Yes",22,4,4,80,1,15,2,3,1,0,0,0,1,2,0,6,9800,2200,1000,13000,10,30,30,70,0,0,0,3,3,12,5182.40138414432
"289",1159,27,"No","Travel_Rarely",199,"Research & Development",6,3,"Life Sciences",1,1162,4,"Male",55,2,1,"Research Scientist",3,"Married",7950,1,"Y","No",13,3,3,80,1,4,0,3,4,2,2,2,1,2,0,6,8000,1300,1000,10300,0,58,58,116,0,0,1,0,1,10,2711.65873660286
"290",1160,36,"No","Travel_Rarely",216,"Research & Development",6,2,"Medical",1,178,2,"Male",84,3,2,"Manufacturing Director",2,"Divorced",2819,6,"Y","No",20,4,4,80,2,7,0,3,3,2,0,1,1,2,0,6,1400,2000,2000,5400,0,29,29,58,0,0,0,3,3,10,5849.00182233492
"291",1161,44,"Yes","Travel_Rarely",1097,"Research & Development",10,4,"Life Sciences",1,1200,3,"Male",96,3,1,"Research Scientist",3,"Single",10826,1,"Y","Yes",11,3,3,80,0,6,4,3,6,4,0,2,1,1,0,5,10800,1100,0,11900,40,54,56,150,0,0,1,0,1,10,2792.77367564095
"292",1162,38,"No","Travel_Rarely",168,"Research & Development",1,3,"Life Sciences",1,743,3,"Female",81,3,3,"Manufacturing Director",3,"Single",15397,4,"Y","Yes",14,3,4,80,0,10,4,4,1,0,0,0,1,2,0,7,5100,1400,0,6500,10,20,20,50,0,0,0,3,3,12,8960.89904138214
"293",1163,29,"No","Travel_Frequently",574,"Research & Development",20,1,"Medical",1,1852,4,"Male",40,3,1,"Laboratory Technician",4,"Married",7003,1,"Y","No",13,3,2,80,0,11,3,4,11,8,3,10,0,0,0,4,7000,1300,0,8300,30,57,52,139,0,-2,0,0,-2,9,2691.12077367807
"294",1164,37,"No","Travel_Rarely",799,"Research & Development",1,3,"Technical Degree",1,623,2,"Female",59,3,3,"Manufacturing Director",4,"Single",23848,4,"Y","No",17,3,4,80,0,12,3,4,6,5,1,2,1,2,0,7,7900,1700,0,9600,10,20,19,49,0,0,0,3,3,12,9066.75555692921
"295",1165,26,"Yes","Travel_Frequently",887,"Research & Development",5,2,"Medical",1,848,3,"Female",88,2,1,"Research Scientist",3,"Married",20898,1,"Y","Yes",14,3,1,80,1,8,2,3,8,7,1,7,0,2,0,5,20900,1400,1000,23300,20,59,53,132,-2,0,0,0,-2,6,2748.23621280846
"296",1166,32,"No","Travel_Frequently",116,"Research & Development",13,3,"Other",1,1234,3,"Female",77,2,1,"Laboratory Technician",2,"Married",7331,1,"Y","No",20,4,3,80,1,2,2,3,2,2,2,2,0,1,0,4,7300,2000,1000,10300,20,58,58,136,0,0,1,0,1,8,2414.66880538167
"297",1167,40,"No","Travel_Rarely",1492,"Research & Development",20,4,"Technical Degree",1,1092,1,"Male",61,3,3,"Healthcare Representative",4,"Married",26542,4,"Y","No",20,4,4,80,1,14,6,3,11,10,11,1,1,0,0,4,8800,2000,1000,11800,20,17,17,54,0,0,0,3,3,11,8963.2779034647
"298",1168,30,"No","Travel_Rarely",1082,"Sales",12,3,"Technical Degree",1,533,2,"Female",83,3,2,"Sales Executive",3,"Single",19558,0,"Y","No",11,3,2,80,0,6,6,3,5,4,4,4,1,1,0,5,9800,1100,0,10900,30,28,28,86,0,0,0,0,0,8,5658.81211733644
"299",1169,27,"No","Travel_Rarely",798,"Research & Development",6,4,"Medical",1,655,1,"Female",66,2,1,"Research Scientist",3,"Divorced",5013,0,"Y","No",12,3,3,80,2,6,5,2,5,3,0,3,1,2,0,5,5000,1200,2000,8200,50,55,57,162,0,0,2,0,2,8,2879.30899804973
"300",1170,37,"No","Travel_Rarely",290,"Research & Development",21,3,"Life Sciences",1,267,2,"Male",65,4,1,"Research Scientist",1,"Married",22977,1,"Y","Yes",12,3,1,80,1,8,3,2,8,7,1,7,1,0,0,3,23000,1200,1000,25200,30,59,53,142,-2,0,0,0,-2,5,2757.74320546758
